marker,occur,impf,impv,infa,infc,perf,ptca,ptcp,wayq,weqt
B  JWM H HW>,198,29.3% (58),0% (0),0% (0),0.5% (1),14.1% (28),2.0% (4),0% (0),31.8% (63),22.2% (44)
H JWM,160,15.0% (24),3.8% (6),0% (0),5.0% (8),35.0% (56),30.0% (48),0% (0),7.5% (12),3.8% (6)
<TH,78,50.0% (39),9.0% (7),0% (0),0% (0),37.2% (29),1.3% (1),2.6% (2),0% (0),0% (0)
L <WLM,76,60.5% (46),3.9% (3),0% (0),7.9% (6),11.8% (9),3.9% (3),2.6% (2),2.6% (2),6.6% (5)
B  BQR,76,13.2% (10),10.5% (8),1.3% (1),3.9% (3),2.6% (2),3.9% (3),0% (0),55.3% (42),9.2% (7)
<D H JWM H ZH,58,5.2% (3),0% (0),0% (0),1.7% (1),29.3% (17),3.4% (2),0% (0),60.3% (35),0% (0)
>Z,57,68.4% (39),0% (0),0% (0),0% (0),29.8% (17),1.8% (1),0% (0),0% (0),0% (0)
CB<T JMJM,56,46.4% (26),1.8% (1),0% (0),0% (0),1.8% (1),0% (0),0% (0),19.6% (11),30.4% (17)
B JWM,53,30.2% (16),3.8% (2),0% (0),3.8% (2),41.5% (22),0% (0),0% (0),15.1% (8),5.7% (3)
<D <WLM,45,48.9% (22),2.2% (1),0% (0),11.1% (5),6.7% (3),6.7% (3),0% (0),4.4% (2),20.0% (9)
>XRJ KN,44,36.4% (16),0% (0),0% (0),0% (0),22.7% (10),0% (0),0% (0),40.9% (18),0% (0)
<D H <RB,41,29.3% (12),0% (0),0% (0),0% (0),2.4% (1),0% (0),0% (0),14.6% (6),53.7% (22)
KL H JMJM,38,21.1% (8),0% (0),0% (0),26.3% (10),13.2% (5),2.6% (1),0% (0),10.5% (4),26.3% (10)
B  <T H HJ>,36,30.6% (11),0% (0),0% (0),2.8% (1),27.8% (10),5.6% (2),0% (0),30.6% (11),2.8% (1)
LJLH,33,6.1% (2),3.0% (1),0% (0),3.0% (1),15.2% (5),12.1% (4),0% (0),54.5% (18),6.1% (2)
B  JWM H CBJ<J,32,31.2% (10),0% (0),0% (0),0% (0),6.2% (2),0% (0),0% (0),31.2% (10),31.2% (10)
KL H JWM,31,29.0% (9),3.2% (1),0% (0),6.5% (2),38.7% (12),16.1% (5),0% (0),6.5% (2),0% (0)
>XR,31,67.7% (21),0% (0),0% (0),0% (0),32.3% (10),0% (0),0% (0),0% (0),0% (0)
MXR,28,64.3% (18),17.9% (5),0% (0),0% (0),0% (0),7.1% (2),3.6% (1),0% (0),7.1% (2)
H JWM H ZH,26,26.9% (7),3.8% (1),0% (0),0% (0),53.8% (14),3.8% (1),0% (0),3.8% (1),7.7% (2)
L NYX,24,83.3% (20),0% (0),0% (0),0% (0),16.7% (4),0% (0),0% (0),0% (0),0% (0)
TMJD,23,34.8% (8),8.7% (2),0% (0),13.0% (3),4.3% (1),17.4% (4),0% (0),0% (0),21.7% (5)
>RB<JM CNH,22,22.7% (5),0% (0),0% (0),4.5% (1),45.5% (10),0% (0),0% (0),27.3% (6),0% (0)
B  JWM H CLJCJ,21,33.3% (7),4.8% (1),0% (0),4.8% (1),0% (0),4.8% (1),0% (0),47.6% (10),4.8% (1)
H LJLH,20,25.0% (5),15.0% (3),0% (0),0% (0),30.0% (6),10.0% (2),0% (0),15.0% (3),5.0% (1)
>XRJW,20,5.0% (1),0% (0),0% (0),0% (0),75.0% (15),0% (0),0% (0),20.0% (4),0% (0)
<D MTJ,19,78.9% (15),0% (0),0% (0),0% (0),10.5% (2),10.5% (2),0% (0),0% (0),0% (0)
M MXRT,18,0% (0),0% (0),0% (0),0% (0),0% (0),0% (0),0% (0),100.0% (18),0% (0)
B  JMJM H HM,18,22.2% (4),0% (0),0% (0),0% (0),50.0% (9),11.1% (2),0% (0),16.7% (3),0% (0)
B  <T H HW>,18,0% (0),0% (0),0% (0),0% (0),33.3% (6),5.6% (1),0% (0),61.1% (11),0% (0)
B  <RB,17,23.5% (4),0% (0),0% (0),5.9% (1),11.8% (2),11.8% (2),0% (0),41.2% (7),5.9% (1)
JMJM RBJM,16,31.2% (5),0% (0),0% (0),0% (0),6.2% (1),6.2% (1),0% (0),56.2% (9),0% (0)
JWMM,15,46.7% (7),0% (0),0% (0),13.3% (2),13.3% (2),13.3% (2),0% (0),6.7% (1),6.7% (1)
B  LJLH H HW>,15,0% (0),0% (0),0% (0),0% (0),13.3% (2),6.7% (1),0% (0),80.0% (12),0% (0)
JWMM W LJLH,14,42.9% (6),7.1% (1),0% (0),21.4% (3),7.1% (1),0% (0),0% (0),7.1% (1),14.3% (2)
CCT JMJM,14,71.4% (10),0% (0),0% (0),0% (0),21.4% (3),0% (0),0% (0),7.1% (1),0% (0)
B <YM H JWM H ZH,13,23.1% (3),0% (0),0% (0),0% (0),38.5% (5),0% (0),0% (0),30.8% (4),7.7% (1)
B KL <T,12,33.3% (4),8.3% (1),0% (0),0% (0),16.7% (2),33.3% (4),0% (0),0% (0),8.3% (1)
B JMJW,12,41.7% (5),0% (0),0% (0),0% (0),58.3% (7),0% (0),0% (0),0% (0),0% (0)
B >XRJT H JMJM,12,41.7% (5),0% (0),0% (0),0% (0),16.7% (2),0% (0),0% (0),0% (0),41.7% (5)
B  LJLH,12,33.3% (4),0% (0),0% (0),0% (0),16.7% (2),8.3% (1),0% (0),41.7% (5),0% (0)
B  JWM H CMJNJ,12,66.7% (8),0% (0),0% (0),0% (0),8.3% (1),0% (0),0% (0),16.7% (2),8.3% (1)
<D >NH,12,75.0% (9),0% (0),0% (0),0% (0),16.7% (2),8.3% (1),0% (0),0% (0),0% (0)
L <LM,11,36.4% (4),0% (0),0% (0),18.2% (2),0% (0),0% (0),0% (0),0% (0),45.5% (5)
L <D,11,81.8% (9),0% (0),0% (0),0% (0),0% (0),18.2% (2),0% (0),0% (0),0% (0)
CC CNJM,11,36.4% (4),0% (0),0% (0),0% (0),18.2% (2),9.1% (1),0% (0),18.2% (2),18.2% (2)
CB< CNJM,11,18.2% (2),0% (0),0% (0),0% (0),27.3% (3),0% (0),0% (0),45.5% (5),9.1% (1)
B  YHRJM,11,45.5% (5),0% (0),0% (0),9.1% (1),9.1% (1),0% (0),0% (0),18.2% (2),18.2% (2)
CLCT JMJM,10,0% (0),10.0% (1),0% (0),10.0% (1),20.0% (2),0% (0),0% (0),50.0% (5),10.0% (1)
B JWM H CBT,10,60.0% (6),0% (0),10.0% (1),10.0% (1),0% (0),20.0% (2),0% (0),0% (0),0% (0)
B  BQR B  BQR,10,60.0% (6),0% (0),0% (0),10.0% (1),10.0% (1),0% (0),0% (0),10.0% (1),10.0% (1)
<D H BQR,10,40.0% (4),30.0% (3),0% (0),0% (0),0% (0),0% (0),0% (0),30.0% (3),0% (0)
<D BQR,10,70.0% (7),0% (0),0% (0),0% (0),10.0% (1),10.0% (1),0% (0),10.0% (1),0% (0)
KL JMJ XJJW,9,11.1% (1),0% (0),0% (0),0% (0),44.4% (4),11.1% (1),0% (0),11.1% (1),22.2% (2)
KL H LJLH,9,0% (0),0% (0),0% (0),0% (0),22.2% (2),0% (0),0% (0),77.8% (7),0% (0)
B <T,9,11.1% (1),0% (0),0% (0),11.1% (1),33.3% (3),11.1% (1),0% (0),33.3% (3),0% (0)
B  JWM H CNJ,9,11.1% (1),0% (0),0% (0),0% (0),22.2% (2),0% (0),0% (0),66.7% (6),0% (0)
KL JMJ,8,50.0% (4),0% (0),0% (0),0% (0),12.5% (1),12.5% (1),0% (0),25.0% (2),0% (0)
CLC CNJM,8,12.5% (1),0% (0),0% (0),0% (0),25.0% (2),0% (0),0% (0),62.5% (5),0% (0)
B JWM >XD,8,50.0% (4),0% (0),0% (0),0% (0),0% (0),0% (0),0% (0),25.0% (2),25.0% (2)
B  JWM,8,50.0% (4),0% (0),0% (0),0% (0),37.5% (3),0% (0),0% (0),0% (0),12.5% (1)
M <TH W <D <WLM,7,57.1% (4),14.3% (1),0% (0),14.3% (1),0% (0),0% (0),0% (0),0% (0),14.3% (1)
L PNJM,7,0% (0),0% (0),0% (0),0% (0),100.0% (7),0% (0),0% (0),0% (0),0% (0)
KL JMJW,7,0% (0),0% (0),0% (0),28.6% (2),57.1% (4),0% (0),0% (0),14.3% (1),0% (0)
KL JMJ XJJK,7,85.7% (6),14.3% (1),0% (0),0% (0),0% (0),0% (0),0% (0),0% (0),0% (0)
JWM JWM,7,42.9% (3),0% (0),0% (0),42.9% (3),0% (0),0% (0),0% (0),14.3% (1),0% (0)
BJN H <RBJM,7,71.4% (5),0% (0),0% (0),14.3% (1),0% (0),0% (0),0% (0),0% (0),14.3% (1)
>XR H DBRJM H >LH,7,0% (0),0% (0),0% (0),0% (0),28.6% (2),0% (0),0% (0),71.4% (5),0% (0)
>RB<JM JWM W >RB<JM LJLH,7,0% (0),0% (0),0% (0),0% (0),14.3% (1),0% (0),0% (0),85.7% (6),0% (0)
M >Z,6,0% (0),0% (0),0% (0),0% (0),66.7% (4),16.7% (1),0% (0),16.7% (1),0% (0)
M <WLM,6,0% (0),0% (0),0% (0),0% (0),100.0% (6),0% (0),0% (0),0% (0),0% (0)
L <WLM W <D,6,83.3% (5),0% (0),0% (0),0% (0),16.7% (1),0% (0),0% (0),0% (0),0% (0)
L  BQR,6,33.3% (2),50.0% (3),0% (0),0% (0),0% (0),0% (0),0% (0),16.7% (1),0% (0)
KN,6,50.0% (3),0% (0),0% (0),0% (0),50.0% (3),0% (0),0% (0),0% (0),0% (0)
K  JWM H ZH,6,0% (0),0% (0),0% (0),50.0% (3),33.3% (2),0% (0),0% (0),16.7% (1),0% (0)
K  JWM,6,33.3% (2),66.7% (4),0% (0),0% (0),0% (0),0% (0),0% (0),0% (0),0% (0)
K  <T MXR,6,66.7% (4),16.7% (1),0% (0),0% (0),0% (0),16.7% (1),0% (0),0% (0),0% (0)
JWM >XD,6,50.0% (3),0% (0),0% (0),0% (0),16.7% (1),0% (0),0% (0),16.7% (1),16.7% (1)
JMJM,6,16.7% (1),0% (0),0% (0),0% (0),16.7% (1),0% (0),0% (0),50.0% (3),16.7% (1)
CLCH XDCJM,6,0% (0),0% (0),0% (0),16.7% (1),50.0% (3),0% (0),0% (0),33.3% (2),0% (0)
B <TW,6,16.7% (1),0% (0),0% (0),16.7% (1),0% (0),16.7% (1),0% (0),0% (0),50.0% (3)
<WLM,6,66.7% (4),0% (0),0% (0),0% (0),0% (0),16.7% (1),0% (0),16.7% (1),0% (0)
<D JWM,6,66.7% (4),0% (0),0% (0),0% (0),16.7% (1),0% (0),0% (0),16.7% (1),0% (0)
L  <RB,5,100.0% (5),0% (0),0% (0),0% (0),0% (0),0% (0),0% (0),0% (0),0% (0)
CC <FRH CNH,5,0% (0),0% (0),0% (0),0% (0),100.0% (5),0% (0),0% (0),0% (0),0% (0)
CB<JM CNH,5,0% (0),0% (0),0% (0),0% (0),40.0% (2),0% (0),0% (0),40.0% (2),20.0% (1)
B  R>CNH,5,20.0% (1),20.0% (1),0% (0),0% (0),60.0% (3),0% (0),0% (0),0% (0),0% (0)
B  JWM H ZH,5,80.0% (4),0% (0),0% (0),0% (0),20.0% (1),0% (0),0% (0),0% (0),0% (0)
>XT <FRH CNH,5,0% (0),0% (0),0% (0),0% (0),100.0% (5),0% (0),0% (0),0% (0),0% (0)
<DJ <D,5,40.0% (2),40.0% (2),0% (0),20.0% (1),0% (0),0% (0),0% (0),0% (0),0% (0)
VRM,4,100.0% (4),0% (0),0% (0),0% (0),0% (0),0% (0),0% (0),0% (0),0% (0)
M TMWL CLCWM,4,0% (0),0% (0),0% (0),0% (0),25.0% (1),75.0% (3),0% (0),0% (0),0% (0)
M R>C,4,0% (0),0% (0),0% (0),0% (0),75.0% (3),25.0% (1),0% (0),0% (0),0% (0)
M JWM,4,0% (0),0% (0),0% (0),0% (0),75.0% (3),0% (0),0% (0),25.0% (1),0% (0)
M JMJM JMJMH,4,25.0% (1),0% (0),0% (0),0% (0),25.0% (1),0% (0),0% (0),0% (0),50.0% (2)
L DR W DR,4,75.0% (3),0% (0),0% (0),0% (0),25.0% (1),0% (0),0% (0),0% (0),0% (0)
L  JWM,4,50.0% (2),0% (0),25.0% (1),0% (0),0% (0),0% (0),0% (0),0% (0),25.0% (1)
K  <T,4,25.0% (1),0% (0),0% (0),0% (0),75.0% (3),0% (0),0% (0),0% (0),0% (0)
JWM,4,25.0% (1),0% (0),25.0% (1),0% (0),25.0% (1),0% (0),0% (0),0% (0),25.0% (1)
CNH B CNH,4,75.0% (3),0% (0),0% (0),25.0% (1),0% (0),0% (0),0% (0),0% (0),0% (0)
BQR,4,50.0% (2),0% (0),0% (0),25.0% (1),0% (0),25.0% (1),0% (0),0% (0),0% (0)
B JWM YRH,4,75.0% (3),25.0% (1),0% (0),0% (0),0% (0),0% (0),0% (0),0% (0),0% (0)
B JWM R<H,4,50.0% (2),25.0% (1),0% (0),0% (0),25.0% (1),0% (0),0% (0),0% (0),0% (0)
B  XDC H CBJ<J,4,25.0% (1),0% (0),0% (0),0% (0),25.0% (1),0% (0),0% (0),50.0% (2),0% (0)
B  JWM H R>CWN,4,25.0% (1),0% (0),0% (0),0% (0),25.0% (1),25.0% (1),0% (0),0% (0),25.0% (1)
B  JMJM H HMH,4,50.0% (2),0% (0),0% (0),0% (0),25.0% (1),0% (0),0% (0),0% (0),25.0% (1)
B  CNH H CLJCJT,4,0% (0),50.0% (2),0% (0),0% (0),25.0% (1),0% (0),0% (0),25.0% (1),0% (0)
>XRJ,4,50.0% (2),0% (0),0% (0),0% (0),50.0% (2),0% (0),0% (0),0% (0),0% (0)
>MC,4,0% (0),0% (0),0% (0),0% (0),75.0% (3),0% (0),0% (0),25.0% (1),0% (0)
<FRJM W TC< CNH,4,0% (0),0% (0),0% (0),0% (0),100.0% (4),0% (0),0% (0),0% (0),0% (0)
<D HNH,4,25.0% (1),0% (0),0% (0),0% (0),50.0% (2),25.0% (1),0% (0),0% (0),0% (0)
<D H JWM,4,0% (0),0% (0),0% (0),0% (0),25.0% (1),25.0% (1),0% (0),50.0% (2),0% (0)
M JMJM,3,33.3% (1),0% (0),0% (0),0% (0),0% (0),0% (0),0% (0),66.7% (2),0% (0)
M JMJ QDM,3,0% (0),0% (0),0% (0),0% (0),100.0% (3),0% (0),0% (0),0% (0),0% (0)
M BVN,3,0% (0),0% (0),0% (0),0% (0),66.7% (2),33.3% (1),0% (0),0% (0),0% (0)
M >XRJ KN,3,0% (0),0% (0),0% (0),0% (0),0% (0),0% (0),0% (0),100.0% (3),0% (0)
M <TH,3,33.3% (1),0% (0),0% (0),0% (0),66.7% (2),0% (0),0% (0),0% (0),0% (0)
LJLH W JWMM,3,66.7% (2),0% (0),0% (0),0% (0),0% (0),0% (0),0% (0),0% (0),33.3% (1)
L TCWBT H CNH,3,0% (0),0% (0),0% (0),0% (0),33.3% (1),33.3% (1),0% (0),33.3% (1),0% (0)
L PNJ MWTW,3,33.3% (1),0% (0),0% (0),0% (0),33.3% (1),0% (0),0% (0),33.3% (1),0% (0)
L PNJ,3,0% (0),0% (0),0% (0),0% (0),66.7% (2),33.3% (1),0% (0),0% (0),0% (0)
L MXR,3,33.3% (1),66.7% (2),0% (0),0% (0),0% (0),0% (0),0% (0),0% (0),0% (0)
L <T,3,33.3% (1),0% (0),0% (0),0% (0),0% (0),0% (0),0% (0),66.7% (2),0% (0)
L  MW<D,3,33.3% (1),0% (0),0% (0),0% (0),0% (0),0% (0),33.3% (1),33.3% (1),0% (0)
JMJM CLCH,3,0% (0),0% (0),0% (0),0% (0),0% (0),0% (0),0% (0),100.0% (3),0% (0)
H CNH,3,0% (0),0% (0),66.7% (2),0% (0),0% (0),33.3% (1),0% (0),0% (0),0% (0)
CTJM CNJM,3,0% (0),0% (0),0% (0),0% (0),100.0% (3),0% (0),0% (0),0% (0),0% (0)
CNH >XT,3,33.3% (1),0% (0),0% (0),0% (0),66.7% (2),0% (0),0% (0),0% (0),0% (0)
CLCJM CNH,3,0% (0),0% (0),0% (0),0% (0),33.3% (1),0% (0),0% (0),66.7% (2),0% (0)
CB<T JMJM >XRJM,3,0% (0),0% (0),0% (0),33.3% (1),0% (0),0% (0),0% (0),66.7% (2),0% (0)
CB< <FRH CNH,3,0% (0),0% (0),0% (0),0% (0),66.7% (2),0% (0),0% (0),33.3% (1),0% (0)
B XYJ H LJLH,3,0% (0),0% (0),0% (0),0% (0),0% (0),0% (0),0% (0),100.0% (3),0% (0)
B KL JWM,3,33.3% (1),0% (0),0% (0),0% (0),33.3% (1),33.3% (1),0% (0),0% (0),0% (0)
B JWM YRTJ,3,33.3% (1),0% (0),0% (0),0% (0),33.3% (1),33.3% (1),0% (0),0% (0),0% (0)
B JWM H QHL,3,0% (0),0% (0),0% (0),0% (0),100.0% (3),0% (0),0% (0),0% (0),0% (0)
B JWM >PW,3,0% (0),0% (0),0% (0),0% (0),66.7% (2),33.3% (1),0% (0),0% (0),0% (0)
B JMJKM,3,33.3% (1),0% (0),0% (0),0% (0),33.3% (1),33.3% (1),0% (0),0% (0),0% (0)
B JMJ,3,33.3% (1),0% (0),0% (0),0% (0),33.3% (1),0% (0),0% (0),33.3% (1),0% (0)
B CNH >XT,3,33.3% (1),0% (0),0% (0),0% (0),66.7% (2),0% (0),0% (0),0% (0),0% (0)
B <WD CLCT JMJM,3,66.7% (2),0% (0),0% (0),0% (0),0% (0),33.3% (1),0% (0),0% (0),0% (0)
B <T PQDTM,3,100.0% (3),0% (0),0% (0),0% (0),0% (0),0% (0),0% (0),0% (0),0% (0)
B  QJY,3,33.3% (1),0% (0),0% (0),0% (0),0% (0),33.3% (1),0% (0),33.3% (1),0% (0)
B  NCP,3,0% (0),0% (0),0% (0),0% (0),0% (0),33.3% (1),0% (0),66.7% (2),0% (0)
B  JWM H CCJ,3,0% (0),0% (0),0% (0),0% (0),33.3% (1),33.3% (1),0% (0),0% (0),33.3% (1)
B  CNH H HJ>,3,0% (0),0% (0),0% (0),0% (0),0% (0),0% (0),0% (0),100.0% (3),0% (0)
B  CNH H CBJ<T,3,100.0% (3),0% (0),0% (0),0% (0),0% (0),0% (0),0% (0),0% (0),0% (0)
B  CNH,3,33.3% (1),0% (0),0% (0),33.3% (1),0% (0),0% (0),0% (0),0% (0),33.3% (1)
>XT B  CNH,3,33.3% (1),0% (0),0% (0),33.3% (1),0% (0),0% (0),0% (0),0% (0),33.3% (1)
>XRJ H DBRJM H >LH,3,0% (0),0% (0),0% (0),0% (0),0% (0),0% (0),0% (0),100.0% (3),0% (0)
>RB<JM JWM,3,0% (0),0% (0),0% (0),0% (0),0% (0),0% (0),0% (0),66.7% (2),33.3% (1)
<WLMJM,3,33.3% (1),0% (0),0% (0),66.7% (2),0% (0),0% (0),0% (0),0% (0),0% (0)
<D JWM MWTW,3,0% (0),0% (0),0% (0),33.3% (1),0% (0),0% (0),0% (0),66.7% (2),0% (0)
<D CNT H JBL,3,33.3% (1),0% (0),0% (0),0% (0),0% (0),33.3% (1),0% (0),0% (0),33.3% (1)
<D <YM H JWM H ZH,3,33.3% (1),0% (0),0% (0),0% (0),33.3% (1),0% (0),0% (0),33.3% (1),0% (0)
<D <T QY,3,0% (0),33.3% (1),0% (0),33.3% (1),0% (0),0% (0),33.3% (1),0% (0),0% (0)
XYWT LJLH,2,100.0% (2),0% (0),0% (0),0% (0),0% (0),0% (0),0% (0),0% (0),0% (0)
XMCJM W XMC CNH,2,0% (0),0% (0),0% (0),0% (0),100.0% (2),0% (0),0% (0),0% (0),0% (0)
XMCJM W CTJM CNH,2,0% (0),0% (0),0% (0),0% (0),100.0% (2),0% (0),0% (0),0% (0),0% (0)
XDC JMJM,2,0% (0),0% (0),0% (0),0% (0),0% (0),0% (0),0% (0),50.0% (1),50.0% (1)
QDM,2,0% (0),0% (0),0% (0),0% (0),50.0% (1),50.0% (1),0% (0),0% (0),0% (0)
MN H JWM,2,0% (0),0% (0),0% (0),0% (0),100.0% (2),0% (0),0% (0),0% (0),0% (0)
MN H <WLM,2,0% (0),0% (0),0% (0),0% (0),100.0% (2),0% (0),0% (0),0% (0),0% (0)
M RXWQ,2,0% (0),0% (0),0% (0),0% (0),50.0% (1),50.0% (1),0% (0),0% (0),0% (0)
M QYH CLCT JMJM,2,0% (0),0% (0),0% (0),0% (0),0% (0),0% (0),0% (0),100.0% (2),0% (0)
M QYH CLC CNJM,2,50.0% (1),0% (0),0% (0),0% (0),0% (0),0% (0),0% (0),50.0% (1),0% (0)
M QY JMJM,2,0% (0),0% (0),0% (0),0% (0),0% (0),0% (0),0% (0),100.0% (2),0% (0)
M QY CB<JM CNH,2,50.0% (1),0% (0),0% (0),0% (0),50.0% (1),0% (0),0% (0),0% (0),0% (0)
M QY CB< CNJM,2,100.0% (2),0% (0),0% (0),0% (0),0% (0),0% (0),0% (0),0% (0),0% (0)
M QY >RB<JM JWM,2,0% (0),0% (0),0% (0),0% (0),0% (0),0% (0),0% (0),100.0% (2),0% (0)
M N<WRJK,2,0% (0),0% (0),0% (0),0% (0),50.0% (1),50.0% (1),0% (0),0% (0),0% (0)
M JWM >L JWM,2,50.0% (1),50.0% (1),0% (0),0% (0),0% (0),0% (0),0% (0),0% (0),0% (0)
M JWM <D LJLH,2,100.0% (2),0% (0),0% (0),0% (0),0% (0),0% (0),0% (0),0% (0),0% (0)
M JMJM RBJM,2,50.0% (1),0% (0),0% (0),0% (0),0% (0),0% (0),0% (0),50.0% (1),0% (0)
M H JWM H HW> W M<LH,2,0% (0),0% (0),0% (0),0% (0),0% (0),0% (0),0% (0),100.0% (2),0% (0)
M DJ CNH B CNH,2,0% (0),0% (0),0% (0),0% (0),50.0% (1),0% (0),0% (0),0% (0),50.0% (1)
M <RB <D BQR,2,100.0% (2),0% (0),0% (0),0% (0),0% (0),0% (0),0% (0),0% (0),0% (0)
LJLH W JWM,2,50.0% (1),0% (0),0% (0),50.0% (1),0% (0),0% (0),0% (0),0% (0),0% (0)
L QY CNJM,2,50.0% (1),0% (0),0% (0),0% (0),0% (0),0% (0),0% (0),50.0% (1),0% (0)
L PNJW,2,0% (0),0% (0),0% (0),0% (0),100.0% (2),0% (0),0% (0),0% (0),0% (0)
L MN <WLM W <D <WLM,2,0% (0),0% (0),0% (0),0% (0),100.0% (2),0% (0),0% (0),0% (0),0% (0)
L DRTJKM,2,0% (0),0% (0),0% (0),0% (0),0% (0),0% (0),0% (0),0% (0),100.0% (2)
L CNJM CLWC,2,0% (0),0% (0),0% (0),0% (0),50.0% (1),0% (0),0% (0),50.0% (1),0% (0)
L CLCT H JMJM,2,50.0% (1),0% (0),0% (0),0% (0),0% (0),0% (0),0% (0),50.0% (1),0% (0)
L CB<T H JMJM,2,0% (0),0% (0),0% (0),50.0% (1),0% (0),0% (0),0% (0),50.0% (1),0% (0)
L >RK JMJM,2,0% (0),0% (0),0% (0),0% (0),50.0% (1),0% (0),0% (0),0% (0),50.0% (1)
L <T <RB,2,50.0% (1),0% (0),0% (0),0% (0),0% (0),0% (0),0% (0),50.0% (1),0% (0)
L <LM W <D,2,100.0% (2),0% (0),0% (0),0% (0),0% (0),0% (0),0% (0),0% (0),0% (0)
L <D L <WLM,2,0% (0),0% (0),0% (0),0% (0),0% (0),0% (0),50.0% (1),50.0% (1),0% (0)
L  MW<D H ZH K  <T XJH,2,0% (0),0% (0),0% (0),0% (0),0% (0),50.0% (1),0% (0),50.0% (1),0% (0)
L  JWM H ZH,2,0% (0),0% (0),0% (0),100.0% (2),0% (0),0% (0),0% (0),0% (0),0% (0)
L  BQRJM,2,50.0% (1),50.0% (1),0% (0),0% (0),0% (0),0% (0),0% (0),0% (0),0% (0)
KL JMJHM,2,0% (0),0% (0),0% (0),0% (0),100.0% (2),0% (0),0% (0),0% (0),0% (0)
KL JMJ XJW,2,0% (0),0% (0),0% (0),0% (0),100.0% (2),0% (0),0% (0),0% (0),0% (0)
KL JMJ XJJ,2,50.0% (1),0% (0),0% (0),50.0% (1),0% (0),0% (0),0% (0),0% (0),0% (0)
KL JMJ JHWC< W KL JMJ H ZQNJM,2,0% (0),0% (0),0% (0),0% (0),0% (0),0% (0),0% (0),100.0% (2),0% (0)
KL JMJ CLMH,2,0% (0),0% (0),0% (0),0% (0),0% (0),0% (0),0% (0),100.0% (2),0% (0)
KL H JWM W KL H LJLH,2,50.0% (1),0% (0),0% (0),0% (0),50.0% (1),0% (0),0% (0),0% (0),0% (0)
KL H JWM H HW> W KL H LJLH,2,0% (0),0% (0),0% (0),0% (0),50.0% (1),0% (0),0% (0),50.0% (1),0% (0)
K TMWL CLCWM,2,0% (0),0% (0),0% (0),0% (0),0% (0),0% (0),0% (0),100.0% (2),0% (0)
K RG<,2,50.0% (1),0% (0),0% (0),0% (0),50.0% (1),0% (0),0% (0),0% (0),0% (0)
K M<V RG<,2,0% (0),50.0% (1),0% (0),0% (0),50.0% (1),0% (0),0% (0),0% (0),0% (0)
K H JWM,2,50.0% (1),50.0% (1),0% (0),0% (0),0% (0),0% (0),0% (0),0% (0),0% (0)
K >TMWL CLCWM,2,0% (0),0% (0),0% (0),0% (0),50.0% (1),0% (0),0% (0),50.0% (1),0% (0)
JRX JMJM,2,0% (0),0% (0),0% (0),0% (0),0% (0),0% (0),0% (0),50.0% (1),50.0% (1)
JMJM CLWCH,2,0% (0),0% (0),0% (0),0% (0),0% (0),0% (0),0% (0),100.0% (2),0% (0)
JMJM <FRH,2,0% (0),50.0% (1),0% (0),0% (0),0% (0),0% (0),0% (0),50.0% (1),0% (0)
GM TMWL GM H JWM,2,0% (0),0% (0),0% (0),0% (0),100.0% (2),0% (0),0% (0),0% (0),0% (0)
GM H JWM,2,0% (0),50.0% (1),0% (0),0% (0),0% (0),50.0% (1),0% (0),0% (0),0% (0)
GM B  JMJM H HM,2,0% (0),0% (0),0% (0),0% (0),50.0% (1),50.0% (1),0% (0),0% (0),0% (0)
CTJM <FRH CNH,2,0% (0),0% (0),0% (0),0% (0),50.0% (1),0% (0),0% (0),50.0% (1),0% (0)
CNTJM,2,0% (0),0% (0),0% (0),0% (0),0% (0),0% (0),0% (0),100.0% (2),0% (0)
CNJM RBWT,2,50.0% (1),0% (0),0% (0),0% (0),0% (0),0% (0),0% (0),50.0% (1),0% (0)
CNJM,2,100.0% (2),0% (0),0% (0),0% (0),0% (0),0% (0),0% (0),0% (0),0% (0)
CMWNH CNJM,2,0% (0),0% (0),0% (0),0% (0),100.0% (2),0% (0),0% (0),0% (0),0% (0)
CMNH CNJM,2,0% (0),0% (0),0% (0),0% (0),0% (0),0% (0),0% (0),100.0% (2),0% (0)
CLCJM W >XT CNH,2,0% (0),0% (0),0% (0),0% (0),100.0% (2),0% (0),0% (0),0% (0),0% (0)
CLCJM JWM,2,0% (0),0% (0),0% (0),0% (0),0% (0),0% (0),0% (0),100.0% (2),0% (0)
CLCH JMJM W CLCH LJLWT,2,0% (0),0% (0),0% (0),0% (0),50.0% (1),0% (0),0% (0),50.0% (1),0% (0)
CLCH JMJM,2,0% (0),50.0% (1),0% (0),0% (0),0% (0),0% (0),0% (0),50.0% (1),0% (0)
CLC M>WT CNH,2,0% (0),0% (0),0% (0),50.0% (1),0% (0),0% (0),0% (0),50.0% (1),0% (0)
CLC CNJM W >RB< M>WT CNH,2,0% (0),0% (0),0% (0),0% (0),0% (0),0% (0),0% (0),100.0% (2),0% (0)
CLC <FRH CNH,2,0% (0),0% (0),0% (0),0% (0),100.0% (2),0% (0),0% (0),0% (0),0% (0)
CB<T H JMJM,2,0% (0),0% (0),0% (0),0% (0),0% (0),0% (0),0% (0),100.0% (2),0% (0)
CB<H XDCJM,2,0% (0),0% (0),0% (0),50.0% (1),0% (0),0% (0),0% (0),50.0% (1),0% (0)
CB< CNJM W CCH XDCJM,2,0% (0),0% (0),0% (0),0% (0),50.0% (1),0% (0),0% (0),50.0% (1),0% (0)
CB< CNJM >XRWT,2,50.0% (1),0% (0),0% (0),0% (0),0% (0),0% (0),0% (0),50.0% (1),0% (0)
B XJJW,2,50.0% (1),0% (0),0% (0),0% (0),50.0% (1),0% (0),0% (0),0% (0),0% (0)
B XJJ,2,100.0% (2),0% (0),0% (0),0% (0),0% (0),0% (0),0% (0),0% (0),0% (0)
B LJL,2,0% (0),0% (0),0% (0),0% (0),100.0% (2),0% (0),0% (0),0% (0),0% (0)
B KL CNH W CNH,2,0% (0),0% (0),0% (0),100.0% (2),0% (0),0% (0),0% (0),0% (0),0% (0)
B JWM VHRTW,2,50.0% (1),0% (0),0% (0),0% (0),0% (0),0% (0),0% (0),0% (0),50.0% (1)
B JWM QRH,2,0% (0),0% (0),0% (0),0% (0),0% (0),100.0% (2),0% (0),0% (0),0% (0)
B JWM QRB,2,0% (0),0% (0),0% (0),50.0% (1),50.0% (1),0% (0),0% (0),0% (0),0% (0)
B JWM H XDC,2,100.0% (2),0% (0),0% (0),0% (0),0% (0),0% (0),0% (0),0% (0),0% (0)
B JWM H CLG,2,0% (0),0% (0),0% (0),0% (0),100.0% (2),0% (0),0% (0),0% (0),0% (0)
B JWM >JDW,2,100.0% (2),0% (0),0% (0),0% (0),0% (0),0% (0),0% (0),0% (0),0% (0)
B JWM >JDM,2,100.0% (2),0% (0),0% (0),0% (0),0% (0),0% (0),0% (0),0% (0),0% (0)
B JWM >JDJ,2,100.0% (2),0% (0),0% (0),0% (0),0% (0),0% (0),0% (0),0% (0),0% (0)
B JWM <BRT JHWH,2,0% (0),0% (0),0% (0),100.0% (2),0% (0),0% (0),0% (0),0% (0),0% (0)
B JMJ JHWJQJM BN J>CJHW MLK JHWDH,2,0% (0),0% (0),0% (0),0% (0),50.0% (1),0% (0),0% (0),50.0% (1),0% (0)
B JMJ CLMH,2,0% (0),0% (0),0% (0),0% (0),0% (0),100.0% (2),0% (0),0% (0),0% (0)
B JMJ C>WL,2,0% (0),0% (0),0% (0),0% (0),100.0% (2),0% (0),0% (0),0% (0),0% (0)
B JMJ >BRHM >BJW,2,0% (0),0% (0),0% (0),0% (0),100.0% (2),0% (0),0% (0),0% (0),0% (0)
B CNT >XT L KWRC MLK PRS,2,0% (0),0% (0),0% (0),0% (0),100.0% (2),0% (0),0% (0),0% (0),0% (0)
B CMNH <FRH CNH L  MLK J>CJHW,2,0% (0),0% (0),0% (0),0% (0),50.0% (1),0% (0),0% (0),50.0% (1),0% (0)
B CB< CNJ H FB<,2,0% (0),0% (0),0% (0),0% (0),0% (0),0% (0),0% (0),50.0% (1),50.0% (1)
B >RB<H <FR L  XDC H R>CWN,2,0% (0),0% (0),0% (0),0% (0),0% (0),0% (0),0% (0),100.0% (2),0% (0)
B >CMRT H BQR,2,0% (0),0% (0),0% (0),0% (0),0% (0),0% (0),0% (0),100.0% (2),0% (0)
B <WDJ,2,100.0% (2),0% (0),0% (0),0% (0),0% (0),0% (0),0% (0),0% (0),0% (0)
B <WD CNTJM JMJM,2,50.0% (1),0% (0),0% (0),0% (0),0% (0),50.0% (1),0% (0),0% (0),0% (0)
B <T R<TM,2,100.0% (2),0% (0),0% (0),0% (0),0% (0),0% (0),0% (0),0% (0),0% (0)
B  XDC H XMJCJ,2,0% (0),0% (0),0% (0),50.0% (1),0% (0),0% (0),0% (0),50.0% (1),0% (0)
B  XDC H R>CWN,2,0% (0),0% (0),0% (0),0% (0),50.0% (1),0% (0),0% (0),50.0% (1),0% (0)
B  XDC H CNJ,2,0% (0),0% (0),0% (0),100.0% (2),0% (0),0% (0),0% (0),0% (0),0% (0)
B  TXLH,2,0% (0),0% (0),0% (0),50.0% (1),50.0% (1),0% (0),0% (0),0% (0),0% (0)
B  QYJR,2,0% (0),0% (0),0% (0),0% (0),50.0% (1),50.0% (1),0% (0),0% (0),0% (0)
B  P<M H Z>T,2,0% (0),0% (0),0% (0),0% (0),0% (0),100.0% (2),0% (0),0% (0),0% (0)
B  LJLWT,2,0% (0),0% (0),0% (0),0% (0),50.0% (1),50.0% (1),0% (0),0% (0),0% (0)
B  LJLH H ZH,2,0% (0),0% (0),0% (0),0% (0),0% (0),0% (0),0% (0),0% (0),100.0% (2)
B  JWM H RBJ<J,2,0% (0),0% (0),0% (0),0% (0),50.0% (1),0% (0),0% (0),50.0% (1),0% (0)
B  JWM H CLJCJ W B  JWM H CBJ<J,2,50.0% (1),0% (0),0% (0),0% (0),0% (0),0% (0),0% (0),0% (0),50.0% (1)
B  JWM H CLCJ,2,0% (0),50.0% (1),0% (0),0% (0),0% (0),0% (0),0% (0),50.0% (1),0% (0)
B  JMJM H HM W B  <T H HJ>,2,100.0% (2),0% (0),0% (0),0% (0),0% (0),0% (0),0% (0),0% (0),0% (0)
B  JMJM H >LH,2,0% (0),0% (0),0% (0),0% (0),50.0% (1),50.0% (1),0% (0),0% (0),0% (0)
B  CNH H XMJCJT L  MLK RXB<M,2,0% (0),0% (0),0% (0),0% (0),0% (0),0% (0),0% (0),100.0% (2),0% (0)
B  CNH H RB<JT L JHWJQJM BN J>CJHW MLK JHWDH,2,0% (0),0% (0),0% (0),50.0% (1),50.0% (1),0% (0),0% (0),0% (0),0% (0)
B  CNH H HW>,2,0% (0),0% (0),0% (0),0% (0),0% (0),0% (0),0% (0),100.0% (2),0% (0)
B  CBT,2,0% (0),0% (0),0% (0),0% (0),0% (0),100.0% (2),0% (0),0% (0),0% (0)
>XRJK,2,100.0% (2),0% (0),0% (0),0% (0),0% (0),0% (0),0% (0),0% (0),0% (0)
>XRJHN,2,0% (0),0% (0),0% (0),0% (0),0% (0),100.0% (2),0% (0),0% (0),0% (0)
>XRJHM,2,0% (0),0% (0),0% (0),0% (0),100.0% (2),0% (0),0% (0),0% (0),0% (0)
>XRJ VHRTW,2,100.0% (2),0% (0),0% (0),0% (0),0% (0),0% (0),0% (0),0% (0),0% (0)
>XRJ MWT >BRHM,2,0% (0),0% (0),0% (0),0% (0),0% (0),0% (0),0% (0),100.0% (2),0% (0)
>XRJ KL Z>T,2,0% (0),0% (0),0% (0),0% (0),100.0% (2),0% (0),0% (0),0% (0),0% (0)
>XR KN,2,100.0% (2),0% (0),0% (0),0% (0),0% (0),0% (0),0% (0),0% (0),0% (0)
>XR H MBWL,2,0% (0),0% (0),0% (0),0% (0),50.0% (1),0% (0),0% (0),50.0% (1),0% (0)
<WLM W <D,2,50.0% (1),0% (0),0% (0),0% (0),50.0% (1),0% (0),0% (0),0% (0),0% (0)
<FRJM W XMC CNH,2,0% (0),0% (0),0% (0),0% (0),100.0% (2),0% (0),0% (0),0% (0),0% (0)
<FRJM W CTJM CNH,2,0% (0),0% (0),0% (0),0% (0),0% (0),0% (0),0% (0),100.0% (2),0% (0)
<FRJM CNH,2,0% (0),0% (0),0% (0),0% (0),100.0% (2),0% (0),0% (0),0% (0),0% (0)
<D MWT H KHN H GDL,2,50.0% (1),0% (0),0% (0),0% (0),0% (0),0% (0),0% (0),0% (0),50.0% (1)
<D L <WLM,2,0% (0),0% (0),0% (0),0% (0),0% (0),0% (0),0% (0),50.0% (1),50.0% (1)
<D KH,2,0% (0),0% (0),0% (0),0% (0),100.0% (2),0% (0),0% (0),0% (0),0% (0)
<D DWR W DWR,2,100.0% (2),0% (0),0% (0),0% (0),0% (0),0% (0),0% (0),0% (0),0% (0)
<D <TH,2,0% (0),0% (0),0% (0),0% (0),100.0% (2),0% (0),0% (0),0% (0),0% (0)
<D <CTJ <FRH CNH L  MLK YDQJHW,2,0% (0),0% (0),0% (0),0% (0),0% (0),0% (0),0% (0),100.0% (2),0% (0)
ZH JMJM >W ZH CNJM,1,0% (0),0% (0),0% (0),0% (0),100.0% (1),0% (0),0% (0),0% (0),0% (0)
YHRJM,1,100.0% (1),0% (0),0% (0),0% (0),0% (0),0% (0),0% (0),0% (0),0% (0)
XYJ H CBW<,1,100.0% (1),0% (0),0% (0),0% (0),0% (0),0% (0),0% (0),0% (0),0% (0)
XMCJM W M>T JWM,1,0% (0),0% (0),0% (0),0% (0),0% (0),0% (0),0% (0),100.0% (1),0% (0)
XMC W TC<JM CNH W XMC M>T CNH,1,0% (0),0% (0),0% (0),0% (0),0% (0),0% (0),0% (0),100.0% (1),0% (0)
XMC W CLCJM CNH,1,0% (0),0% (0),0% (0),0% (0),100.0% (1),0% (0),0% (0),0% (0),0% (0)
XMC W CCJM CNH,1,0% (0),0% (0),0% (0),0% (0),0% (0),0% (0),0% (0),100.0% (1),0% (0)
XMC M>WT CNH,1,0% (0),0% (0),0% (0),0% (0),0% (0),0% (0),0% (0),100.0% (1),0% (0)
XMC CNJM W M>T CNH,1,0% (0),0% (0),0% (0),0% (0),0% (0),0% (0),0% (0),100.0% (1),0% (0)
XMC CNJM W CCJM CNH,1,0% (0),0% (0),0% (0),0% (0),0% (0),0% (0),0% (0),100.0% (1),0% (0)
XMC <FRH CNH W CMNH M>WT CNH,1,0% (0),0% (0),0% (0),0% (0),0% (0),0% (0),0% (0),100.0% (1),0% (0)
XDCW,1,0% (0),0% (0),0% (0),0% (0),100.0% (1),0% (0),0% (0),0% (0),0% (0)
XDC,1,100.0% (1),0% (0),0% (0),0% (0),0% (0),0% (0),0% (0),0% (0),0% (0)
TMWL CLCWM,1,0% (0),0% (0),0% (0),0% (0),100.0% (1),0% (0),0% (0),0% (0),0% (0)
TMWL CLCM,1,0% (0),0% (0),0% (0),0% (0),0% (0),100.0% (1),0% (0),0% (0),0% (0)
TMWL,1,0% (0),0% (0),0% (0),100.0% (1),0% (0),0% (0),0% (0),0% (0),0% (0)
TMJD L  BQR W L  <RB,1,0% (0),0% (0),0% (0),100.0% (1),0% (0),0% (0),0% (0),0% (0),0% (0)
TMJD KL JMJ JHWJD<,1,0% (0),0% (0),0% (0),0% (0),0% (0),0% (0),0% (0),100.0% (1),0% (0)
TC<JM CNH,1,0% (0),0% (0),0% (0),0% (0),0% (0),0% (0),0% (0),100.0% (1),0% (0)
TC< W <FRJM CNH,1,0% (0),0% (0),0% (0),0% (0),0% (0),0% (0),0% (0),100.0% (1),0% (0)
TC< M>WT CNH W XMCJM CNH,1,0% (0),0% (0),0% (0),0% (0),0% (0),0% (0),0% (0),100.0% (1),0% (0)
TC< CNJM W M>TJM CNH,1,0% (0),0% (0),0% (0),0% (0),0% (0),0% (0),0% (0),100.0% (1),0% (0)
TC< <FRH CNH W M>T CNH,1,0% (0),0% (0),0% (0),0% (0),0% (0),0% (0),0% (0),100.0% (1),0% (0)
RQ L <T ZQNTW,1,0% (0),0% (0),0% (0),0% (0),100.0% (1),0% (0),0% (0),0% (0),0% (0)
RQ B  JWM H HW>,1,0% (0),0% (0),0% (0),0% (0),100.0% (1),0% (0),0% (0),0% (0),0% (0)
RG< >XD,1,100.0% (1),0% (0),0% (0),0% (0),0% (0),0% (0),0% (0),0% (0),0% (0)
RG<,1,0% (0),0% (0),0% (0),0% (0),100.0% (1),0% (0),0% (0),0% (0),0% (0)
RB<JT H JWM,1,0% (0),0% (0),0% (0),0% (0),0% (0),0% (0),0% (0),100.0% (1),0% (0)
RB<JT,1,0% (0),0% (0),0% (0),0% (0),0% (0),100.0% (1),0% (0),0% (0),0% (0)
R>C H >CMRT H TJKWNH,1,0% (0),0% (0),0% (0),0% (0),0% (0),0% (0),0% (0),100.0% (1),0% (0)
MXR K  <T H Z>T,1,0% (0),0% (0),0% (0),0% (0),0% (0),100.0% (1),0% (0),0% (0),0% (0)
MSPR JMJ XJW,1,100.0% (1),0% (0),0% (0),0% (0),0% (0),0% (0),0% (0),0% (0),0% (0)
MSPR JMJ XJJHM,1,100.0% (1),0% (0),0% (0),0% (0),0% (0),0% (0),0% (0),0% (0),0% (0)
MSPR H JMJM CLC M>WT W TC<JM JWM,1,100.0% (1),0% (0),0% (0),0% (0),0% (0),0% (0),0% (0),0% (0),0% (0)
MSPR H JMJM,1,100.0% (1),0% (0),0% (0),0% (0),0% (0),0% (0),0% (0),0% (0),0% (0)
MNJ RXM,1,0% (0),0% (0),0% (0),0% (0),0% (0),0% (0),100.0% (1),0% (0),0% (0)
MNJ BVN,1,0% (0),0% (0),0% (0),0% (0),0% (0),0% (0),100.0% (1),0% (0),0% (0)
MN H JWM W HL>H L DRTJKM,1,0% (0),0% (0),0% (0),0% (0),100.0% (1),0% (0),0% (0),0% (0),0% (0)
MN H JWM W <D H JWM H ZH,1,0% (0),0% (0),0% (0),0% (0),0% (0),0% (0),0% (0),100.0% (1),0% (0)
MN H JWM H ZH W M<LH M JWM <FRJM W >RB<H L  TCJ<J L MN H JWM,1,0% (0),100.0% (1),0% (0),0% (0),0% (0),0% (0),0% (0),0% (0),0% (0)
MN H JWM H ZH W M<LH,1,0% (0),100.0% (1),0% (0),0% (0),0% (0),0% (0),0% (0),0% (0),0% (0)
MN H JWM H ZH,1,100.0% (1),0% (0),0% (0),0% (0),0% (0),0% (0),0% (0),0% (0),0% (0)
MN H JWM H R>CWN,1,0% (0),0% (0),0% (0),0% (0),100.0% (1),0% (0),0% (0),0% (0),0% (0)
MN H JWM H HW>,1,0% (0),0% (0),0% (0),0% (0),0% (0),0% (0),0% (0),100.0% (1),0% (0)
MN H BVN <D JWM MWTW,1,100.0% (1),0% (0),0% (0),0% (0),0% (0),0% (0),0% (0),0% (0),0% (0)
MN H BQR <D H <RB,1,0% (0),0% (0),0% (0),0% (0),0% (0),0% (0),0% (0),100.0% (1),0% (0)
MN H >WR <D MXYJT H JWM,1,0% (0),0% (0),0% (0),0% (0),0% (0),0% (0),0% (0),100.0% (1),0% (0)
MN H <WLM W <D H <WLM,1,0% (0),0% (0),0% (0),0% (0),0% (0),0% (0),100.0% (1),0% (0),0% (0)
MN H <WLM W <D H <LM,1,0% (0),0% (0),0% (0),0% (0),0% (0),0% (0),100.0% (1),0% (0),0% (0)
MN H <WLM <D H <WLM,1,0% (0),100.0% (1),0% (0),0% (0),0% (0),0% (0),0% (0),0% (0),0% (0)
MN H <T H HJ>,1,0% (0),0% (0),0% (0),0% (0),100.0% (1),0% (0),0% (0),0% (0),0% (0)
MN CLC <FRH CNH L J>CJHW BN >MWN MLK JHWDH W <D H JWM H ZH,1,0% (0),0% (0),0% (0),0% (0),100.0% (1),0% (0),0% (0),0% (0),0% (0)
MN BQR <D <RB,1,0% (0),0% (0),0% (0),0% (0),0% (0),100.0% (1),0% (0),0% (0),0% (0)
MHLK JWM >XD,1,0% (0),0% (0),0% (0),100.0% (1),0% (0),0% (0),0% (0),0% (0),0% (0)
M>TJM CNH,1,0% (0),0% (0),0% (0),0% (0),0% (0),0% (0),0% (0),100.0% (1),0% (0)
M>H W <FR CNJM,1,0% (0),0% (0),0% (0),0% (0),0% (0),0% (0),0% (0),100.0% (1),0% (0)
M TXLT QYJR,1,0% (0),0% (0),0% (0),0% (0),0% (0),0% (0),0% (0),100.0% (1),0% (0)
M TML CLCM,1,0% (0),0% (0),0% (0),0% (0),0% (0),100.0% (1),0% (0),0% (0),0% (0)
M RB JMJM,1,100.0% (1),0% (0),0% (0),0% (0),0% (0),0% (0),0% (0),0% (0),0% (0)
M R>CJT,1,0% (0),0% (0),0% (0),0% (0),0% (0),100.0% (1),0% (0),0% (0),0% (0)
M QYTM,1,100.0% (1),0% (0),0% (0),0% (0),0% (0),0% (0),0% (0),0% (0),0% (0)
M QYT JMJM <FRH,1,0% (0),0% (0),0% (0),0% (0),100.0% (1),0% (0),0% (0),0% (0),0% (0)
M QYH XMCJM W M>T JWM,1,0% (0),0% (0),0% (0),0% (0),0% (0),0% (0),0% (0),100.0% (1),0% (0)
M QYH TC<H XDCJM W <FRJM JWM,1,0% (0),0% (0),0% (0),0% (0),0% (0),0% (0),0% (0),100.0% (1),0% (0)
M QYH CB<T JMJM,1,0% (0),0% (0),0% (0),0% (0),0% (0),0% (0),0% (0),100.0% (1),0% (0)
M QYH CB<H XDCJM,1,100.0% (1),0% (0),0% (0),0% (0),0% (0),0% (0),0% (0),0% (0),0% (0)
M QYH CB< CNJM,1,0% (0),0% (0),0% (0),0% (0),0% (0),0% (0),0% (0),100.0% (1),0% (0)
M QYH <FRJM CNH,1,0% (0),0% (0),0% (0),0% (0),0% (0),0% (0),0% (0),100.0% (1),0% (0)
M QY JMJM RBJM,1,0% (0),0% (0),0% (0),0% (0),0% (0),0% (0),0% (0),100.0% (1),0% (0)
M QY JMJM L  JMJM,1,0% (0),0% (0),0% (0),0% (0),100.0% (1),0% (0),0% (0),0% (0),0% (0)
M QY CNTJM JMJM,1,0% (0),0% (0),0% (0),0% (0),0% (0),0% (0),0% (0),100.0% (1),0% (0)
M QY CNJM XDCJM,1,0% (0),0% (0),0% (0),0% (0),0% (0),0% (0),0% (0),100.0% (1),0% (0)
M QY CLC CNJM,1,0% (0),0% (0),0% (0),0% (0),0% (0),0% (0),0% (0),100.0% (1),0% (0)
M QY >RB<JM JWM W >RB<JM LJLH,1,0% (0),0% (0),0% (0),0% (0),100.0% (1),0% (0),0% (0),0% (0),0% (0)
M QY >RB<JM CNH,1,0% (0),0% (0),0% (0),0% (0),0% (0),0% (0),0% (0),100.0% (1),0% (0)
M QY <FRT JMJM,1,0% (0),0% (0),0% (0),0% (0),0% (0),0% (0),0% (0),100.0% (1),0% (0)
M QY <FRJM CNH,1,0% (0),0% (0),0% (0),0% (0),0% (0),0% (0),0% (0),100.0% (1),0% (0)
M QY <FR CNJM,1,0% (0),0% (0),0% (0),0% (0),0% (0),0% (0),0% (0),100.0% (1),0% (0)
M QDM,1,0% (0),0% (0),0% (0),0% (0),100.0% (1),0% (0),0% (0),0% (0),0% (0)
M N<WRJNW W <D <TH,1,0% (0),0% (0),0% (0),0% (0),100.0% (1),0% (0),0% (0),0% (0),0% (0)
M N<WRJ W <D <TH,1,0% (0),0% (0),0% (0),0% (0),100.0% (1),0% (0),0% (0),0% (0),0% (0)
M N<RJK <D <TH,1,0% (0),0% (0),0% (0),0% (0),100.0% (1),0% (0),0% (0),0% (0),0% (0)
M N<RJ <D H JWM H ZH,1,0% (0),0% (0),0% (0),0% (0),100.0% (1),0% (0),0% (0),0% (0),0% (0)
M N<RJ,1,0% (0),0% (0),0% (0),0% (0),0% (0),100.0% (1),0% (0),0% (0),0% (0)
M MXRT H XDC H CNJ,1,0% (0),0% (0),0% (0),0% (0),0% (0),0% (0),0% (0),100.0% (1),0% (0)
M MXRT H CBT,1,100.0% (1),0% (0),0% (0),0% (0),0% (0),0% (0),0% (0),0% (0),0% (0)
M M<J >MJ,1,0% (0),0% (0),0% (0),0% (0),100.0% (1),0% (0),0% (0),0% (0),0% (0)
M JWM L JWM,1,0% (0),100.0% (1),0% (0),0% (0),0% (0),0% (0),0% (0),0% (0),0% (0)
M JWM H CMJNJ W HL>H,1,100.0% (1),0% (0),0% (0),0% (0),0% (0),0% (0),0% (0),0% (0),0% (0)
M JWM >XD L  XDC H CBJ<J,1,0% (0),0% (0),0% (0),0% (0),100.0% (1),0% (0),0% (0),0% (0),0% (0)
M JMJW,1,0% (0),0% (0),0% (0),0% (0),100.0% (1),0% (0),0% (0),0% (0),0% (0)
M JMJK,1,100.0% (1),0% (0),0% (0),0% (0),0% (0),0% (0),0% (0),0% (0),0% (0)
M JMJ MLKJ >CWR <D H JWM H ZH,1,100.0% (1),0% (0),0% (0),0% (0),0% (0),0% (0),0% (0),0% (0),0% (0)
M JMJ H GB<H,1,0% (0),0% (0),0% (0),0% (0),100.0% (1),0% (0),0% (0),0% (0),0% (0)
M JMJ H CPVJM W KL JMJ MLKJ JFR>L W MLKJ JHWDH,1,0% (0),0% (0),0% (0),0% (0),100.0% (1),0% (0),0% (0),0% (0),0% (0)
M JMJ CMW>L H NBJ>,1,0% (0),0% (0),0% (0),0% (0),100.0% (1),0% (0),0% (0),0% (0),0% (0)
M JMJ >SR_XDN MLK >CWR,1,0% (0),0% (0),0% (0),0% (0),0% (0),100.0% (1),0% (0),0% (0),0% (0)
M H NCP W <D H <RB L MXRTM,1,0% (0),0% (0),0% (0),0% (0),0% (0),0% (0),0% (0),100.0% (1),0% (0)
M H JWM H HW> W HL>H,1,0% (0),0% (0),0% (0),0% (0),0% (0),0% (0),0% (0),100.0% (1),0% (0)
M H BQR W <D H YHRJM,1,0% (0),0% (0),0% (0),0% (0),0% (0),0% (0),0% (0),100.0% (1),0% (0)
M H BQR W <D <T MW<D,1,0% (0),0% (0),0% (0),0% (0),0% (0),0% (0),0% (0),100.0% (1),0% (0)
M H <WLM W <D H <WLM,1,0% (0),0% (0),0% (0),0% (0),0% (0),0% (0),100.0% (1),0% (0),0% (0)
M DWR L DWR,1,100.0% (1),0% (0),0% (0),0% (0),0% (0),0% (0),0% (0),0% (0),0% (0)
M DJ XDC B XDCW W M DJ CBT B CBTW,1,100.0% (1),0% (0),0% (0),0% (0),0% (0),0% (0),0% (0),0% (0),0% (0)
M CNT H JBL,1,100.0% (1),0% (0),0% (0),0% (0),0% (0),0% (0),0% (0),0% (0),0% (0)
M >Z H BQR W <D <TH,1,0% (0),0% (0),0% (0),0% (0),0% (0),0% (0),0% (0),100.0% (1),0% (0)
M >TMWL CLCWM,1,0% (0),0% (0),0% (0),0% (0),0% (0),0% (0),0% (0),100.0% (1),0% (0)
M <WLM W <D <WLM,1,0% (0),0% (0),0% (0),0% (0),0% (0),0% (0),100.0% (1),0% (0),0% (0)
L TQWPT H CNH,1,0% (0),0% (0),0% (0),0% (0),0% (0),0% (0),0% (0),100.0% (1),0% (0)
L TQPWT H JMJM,1,0% (0),0% (0),0% (0),0% (0),0% (0),0% (0),0% (0),100.0% (1),0% (0)
L TCWBT H CNH L <T,1,0% (0),0% (0),0% (0),0% (0),0% (0),0% (0),0% (0),100.0% (1),0% (0)
L RWX H JWM,1,0% (0),0% (0),0% (0),0% (0),0% (0),100.0% (1),0% (0),0% (0),0% (0)
L RG<JM,1,100.0% (1),0% (0),0% (0),0% (0),0% (0),0% (0),0% (0),0% (0),0% (0)
L R>C >CMRWT,1,0% (0),100.0% (1),0% (0),0% (0),0% (0),0% (0),0% (0),0% (0),0% (0)
L QY JMJM,1,0% (0),0% (0),0% (0),0% (0),100.0% (1),0% (0),0% (0),0% (0),0% (0)
L QY H JMJN,1,100.0% (1),0% (0),0% (0),0% (0),0% (0),0% (0),0% (0),0% (0),0% (0)
L QY H <TJM CNJM,1,100.0% (1),0% (0),0% (0),0% (0),0% (0),0% (0),0% (0),0% (0),0% (0)
L PNJW W >XRJW,1,0% (0),0% (0),0% (0),0% (0),100.0% (1),0% (0),0% (0),0% (0),0% (0)
L PNJK,1,0% (0),0% (0),0% (0),0% (0),100.0% (1),0% (0),0% (0),0% (0),0% (0)
L PNJHM,1,0% (0),0% (0),0% (0),0% (0),0% (0),100.0% (1),0% (0),0% (0),0% (0)
L PNJ MWTJ,1,100.0% (1),0% (0),0% (0),0% (0),0% (0),0% (0),0% (0),0% (0),0% (0)
L PNJ KL XYJR,1,100.0% (1),0% (0),0% (0),0% (0),0% (0),0% (0),0% (0),0% (0),0% (0)
L PNJ H JMJM H HM,1,0% (0),0% (0),0% (0),0% (0),100.0% (1),0% (0),0% (0),0% (0),0% (0)
L PNJ H CBT,1,0% (0),0% (0),0% (0),0% (0),100.0% (1),0% (0),0% (0),0% (0),0% (0)
L PJ,1,100.0% (1),0% (0),0% (0),0% (0),0% (0),0% (0),0% (0),0% (0),0% (0)
L NYX NYXJM,1,0% (0),0% (0),0% (0),0% (0),0% (0),100.0% (1),0% (0),0% (0),0% (0)
L MXRT H JWM H HW>,1,0% (0),0% (0),0% (0),0% (0),0% (0),0% (0),0% (0),100.0% (1),0% (0)
L MW<D XDC H >BJB,1,0% (0),0% (0),0% (0),0% (0),100.0% (1),0% (0),0% (0),0% (0),0% (0)
L MTJ,1,100.0% (1),0% (0),0% (0),0% (0),0% (0),0% (0),0% (0),0% (0),0% (0)
L MN H JWM W <D H JWM H ZH,1,0% (0),0% (0),0% (0),0% (0),100.0% (1),0% (0),0% (0),0% (0),0% (0)
L MN H JWM W <D <TH,1,0% (0),0% (0),0% (0),0% (0),100.0% (1),0% (0),0% (0),0% (0),0% (0)
L MN H JWM,1,0% (0),0% (0),0% (0),0% (0),100.0% (1),0% (0),0% (0),0% (0),0% (0)
L M RXWQ,1,0% (0),0% (0),0% (0),0% (0),100.0% (1),0% (0),0% (0),0% (0),0% (0)
L M JWM W <D H JWM H ZH,1,0% (0),0% (0),0% (0),0% (0),100.0% (1),0% (0),0% (0),0% (0),0% (0)
L M JWM,1,0% (0),0% (0),0% (0),0% (0),100.0% (1),0% (0),0% (0),0% (0),0% (0)
L M JMJ QDM,1,0% (0),0% (0),0% (0),0% (0),100.0% (1),0% (0),0% (0),0% (0),0% (0)
L M JMJ >BTJKM,1,0% (0),0% (0),0% (0),0% (0),100.0% (1),0% (0),0% (0),0% (0),0% (0)
L JWM PQDH,1,100.0% (1),0% (0),0% (0),0% (0),0% (0),0% (0),0% (0),0% (0),0% (0)
L JWM MW<D,1,100.0% (1),0% (0),0% (0),0% (0),0% (0),0% (0),0% (0),0% (0),0% (0)
L JWM H KS>,1,100.0% (1),0% (0),0% (0),0% (0),0% (0),0% (0),0% (0),0% (0),0% (0)
L JWM B JWM,1,0% (0),0% (0),0% (0),0% (0),100.0% (1),0% (0),0% (0),0% (0),0% (0)
L JWM >XD,1,0% (0),0% (0),0% (0),0% (0),0% (0),0% (0),0% (0),100.0% (1),0% (0)
L JWM >JD,1,100.0% (1),0% (0),0% (0),0% (0),0% (0),0% (0),0% (0),0% (0),0% (0)
L JWM <BRWT,1,100.0% (1),0% (0),0% (0),0% (0),0% (0),0% (0),0% (0),0% (0),0% (0)
L JMJM M JMJM,1,0% (0),0% (0),0% (0),0% (0),0% (0),0% (0),0% (0),100.0% (1),0% (0)
L JMJM CMWNH,1,0% (0),0% (0),0% (0),0% (0),0% (0),0% (0),0% (0),100.0% (1),0% (0)
L DWR W DWR,1,100.0% (1),0% (0),0% (0),0% (0),0% (0),0% (0),0% (0),0% (0),0% (0)
L DRTM,1,0% (0),0% (0),0% (0),100.0% (1),0% (0),0% (0),0% (0),0% (0),0% (0)
L DR W DWR,1,0% (0),0% (0),0% (0),0% (0),0% (0),0% (0),0% (0),0% (0),100.0% (1)
L DR W DR <D <WLM,1,0% (0),0% (0),0% (0),0% (0),0% (0),0% (0),0% (0),100.0% (1),0% (0)
L CNTJM JMJM,1,0% (0),0% (0),0% (0),0% (0),0% (0),0% (0),0% (0),100.0% (1),0% (0)
L CLCT JMJM,1,0% (0),100.0% (1),0% (0),0% (0),0% (0),0% (0),0% (0),0% (0),0% (0)
L CB< CNJ H R<B,1,0% (0),0% (0),0% (0),0% (0),0% (0),0% (0),0% (0),0% (0),100.0% (1)
L >XRJTH,1,100.0% (1),0% (0),0% (0),0% (0),0% (0),0% (0),0% (0),0% (0),0% (0)
L <WLMJM,1,100.0% (1),0% (0),0% (0),0% (0),0% (0),0% (0),0% (0),0% (0),0% (0)
L <TWT B  YRH,1,100.0% (1),0% (0),0% (0),0% (0),0% (0),0% (0),0% (0),0% (0),0% (0)
L <TJM MZMNJM,1,100.0% (1),0% (0),0% (0),0% (0),0% (0),0% (0),0% (0),0% (0),0% (0)
L <T ZQNT CLMH,1,0% (0),0% (0),0% (0),0% (0),0% (0),0% (0),0% (0),100.0% (1),0% (0)
L <T ZQNH,1,100.0% (1),0% (0),0% (0),0% (0),0% (0),0% (0),0% (0),0% (0),0% (0)
L <T TCWBT H CNH L <T,1,0% (0),0% (0),0% (0),0% (0),0% (0),0% (0),0% (0),100.0% (1),0% (0)
L <T PNJK,1,100.0% (1),0% (0),0% (0),0% (0),0% (0),0% (0),0% (0),0% (0),0% (0)
L <T JWM B JWM,1,100.0% (1),0% (0),0% (0),0% (0),0% (0),0% (0),0% (0),0% (0),0% (0)
L <T H >KL,1,0% (0),0% (0),0% (0),0% (0),0% (0),0% (0),0% (0),100.0% (1),0% (0)
L <T H <RB,1,0% (0),0% (0),0% (0),0% (0),0% (0),0% (0),0% (0),100.0% (1),0% (0)
L <T <RB L <T,1,0% (0),0% (0),0% (0),0% (0),0% (0),0% (0),0% (0),100.0% (1),0% (0)
L <JLWM,1,100.0% (1),0% (0),0% (0),0% (0),0% (0),0% (0),0% (0),0% (0),0% (0)
L  XDCJM,1,0% (0),0% (0),0% (0),0% (0),0% (0),100.0% (1),0% (0),0% (0),0% (0)
L  MY<R,1,0% (0),0% (0),0% (0),0% (0),100.0% (1),0% (0),0% (0),0% (0),0% (0)
L  MXRT,1,0% (0),0% (0),0% (0),100.0% (1),0% (0),0% (0),0% (0),0% (0),0% (0)
L  MW<D H ZH B  CNH H >XRT,1,100.0% (1),0% (0),0% (0),0% (0),0% (0),0% (0),0% (0),0% (0),0% (0)
L  JWM H CLJCJ,1,0% (0),0% (0),0% (0),0% (0),0% (0),0% (0),0% (0),0% (0),100.0% (1)
L  JWM CB<T JMJM,1,100.0% (1),0% (0),0% (0),0% (0),0% (0),0% (0),0% (0),0% (0),0% (0)
L  CBTWT W L  XDCJM W L MW<DJ JHWH >LHJNW,1,0% (0),0% (0),0% (0),100.0% (1),0% (0),0% (0),0% (0),0% (0),0% (0)
L  >XRNH,1,100.0% (1),0% (0),0% (0),0% (0),0% (0),0% (0),0% (0),0% (0),0% (0)
KL JWM,1,100.0% (1),0% (0),0% (0),0% (0),0% (0),0% (0),0% (0),0% (0),0% (0)
KL JMJNW,1,0% (0),0% (0),0% (0),100.0% (1),0% (0),0% (0),0% (0),0% (0),0% (0)
KL JMJKM,1,100.0% (1),0% (0),0% (0),0% (0),0% (0),0% (0),0% (0),0% (0),0% (0)
KL JMJK <L >DMTK,1,100.0% (1),0% (0),0% (0),0% (0),0% (0),0% (0),0% (0),0% (0),0% (0)
KL JMJK,1,0% (0),0% (0),0% (0),0% (0),100.0% (1),0% (0),0% (0),0% (0),0% (0)
KL JMJ ZWBH,1,100.0% (1),0% (0),0% (0),0% (0),0% (0),0% (0),0% (0),0% (0),0% (0)
KL JMJ ZWB VM>TH,1,100.0% (1),0% (0),0% (0),0% (0),0% (0),0% (0),0% (0),0% (0),0% (0)
KL JMJ YB>J,1,100.0% (1),0% (0),0% (0),0% (0),0% (0),0% (0),0% (0),0% (0),0% (0)
KL JMJ XJJNW,1,100.0% (1),0% (0),0% (0),0% (0),0% (0),0% (0),0% (0),0% (0),0% (0)
KL JMJ XJJH,1,0% (0),0% (0),0% (0),0% (0),100.0% (1),0% (0),0% (0),0% (0),0% (0)
KL JMJ XJJ HBLK KL JMJ HBLK,1,0% (0),100.0% (1),0% (0),0% (0),0% (0),0% (0),0% (0),0% (0),0% (0)
KL JMJ RC<,1,0% (0),0% (0),0% (0),0% (0),0% (0),100.0% (1),0% (0),0% (0),0% (0)
KL JMJ NZRW,1,100.0% (1),0% (0),0% (0),0% (0),0% (0),0% (0),0% (0),0% (0),0% (0)
KL JMJ NDR NZRW,1,100.0% (1),0% (0),0% (0),0% (0),0% (0),0% (0),0% (0),0% (0),0% (0)
KL JMJ KWRC MLK PRS W <D MLKWT DRJWC MLK PRS,1,0% (0),0% (0),0% (0),0% (0),0% (0),0% (0),0% (0),100.0% (1),0% (0)
KL JMJ JHWJD< H KHN,1,0% (0),0% (0),0% (0),0% (0),0% (0),0% (0),0% (0),100.0% (1),0% (0)
KL JMJ JHW>XZ,1,0% (0),0% (0),0% (0),0% (0),100.0% (1),0% (0),0% (0),0% (0),0% (0)
KL JMJ H CWPV,1,0% (0),0% (0),0% (0),0% (0),100.0% (1),0% (0),0% (0),0% (0),0% (0)
KL JMJ H CMH,1,0% (0),0% (0),0% (0),0% (0),100.0% (1),0% (0),0% (0),0% (0),0% (0)
KL JMJ H >RY,1,100.0% (1),0% (0),0% (0),0% (0),0% (0),0% (0),0% (0),0% (0),0% (0)
KL JMJ CMW>L,1,0% (0),0% (0),0% (0),0% (0),0% (0),0% (0),0% (0),100.0% (1),0% (0)
KL JMJ C>WL,1,0% (0),0% (0),0% (0),0% (0),0% (0),0% (0),0% (0),100.0% (1),0% (0)
KL JMJ <WLM,1,0% (0),0% (0),0% (0),0% (0),0% (0),0% (0),0% (0),100.0% (1),0% (0)
KL H LJLWT,1,0% (0),0% (0),0% (0),0% (0),0% (0),100.0% (1),0% (0),0% (0),0% (0)
KL H LJLH H HW>,1,0% (0),0% (0),0% (0),0% (0),100.0% (1),0% (0),0% (0),0% (0),0% (0)
KL H LJLH <D H BQR,1,0% (0),0% (0),0% (0),0% (0),0% (0),0% (0),0% (0),100.0% (1),0% (0)
KL H JWM H HW> W KL H LJLH W KL JWM H MXRT,1,0% (0),0% (0),0% (0),0% (0),0% (0),0% (0),0% (0),100.0% (1),0% (0)
KL H JWM H HW>,1,0% (0),0% (0),0% (0),0% (0),0% (0),100.0% (1),0% (0),0% (0),0% (0)
KL CNWTJ,1,100.0% (1),0% (0),0% (0),0% (0),0% (0),0% (0),0% (0),0% (0),0% (0)
K XYT H LJLH,1,0% (0),0% (0),0% (0),0% (0),0% (0),100.0% (1),0% (0),0% (0),0% (0)
K TMWL CLCM,1,0% (0),0% (0),0% (0),0% (0),0% (0),0% (0),100.0% (1),0% (0),0% (0)
K MWTW,1,0% (0),0% (0),0% (0),0% (0),100.0% (1),0% (0),0% (0),0% (0),0% (0)
K MWT >X>B,1,0% (0),0% (0),0% (0),0% (0),0% (0),0% (0),0% (0),100.0% (1),0% (0)
K MH CNJM,1,0% (0),0% (0),0% (0),0% (0),100.0% (1),0% (0),0% (0),0% (0),0% (0)
K M CLC XDCJM,1,0% (0),0% (0),0% (0),0% (0),0% (0),0% (0),0% (0),100.0% (1),0% (0)
K JWM TMJM,1,0% (0),0% (0),0% (0),100.0% (1),0% (0),0% (0),0% (0),0% (0),0% (0)
K JWM MDJN,1,0% (0),0% (0),0% (0),0% (0),100.0% (1),0% (0),0% (0),0% (0),0% (0)
K JWM B JWM,1,0% (0),0% (0),0% (0),0% (0),0% (0),100.0% (1),0% (0),0% (0),0% (0)
K JMWT CNWT,1,0% (0),100.0% (1),0% (0),0% (0),0% (0),0% (0),0% (0),0% (0),0% (0)
K H JWM H ZH,1,0% (0),0% (0),0% (0),0% (0),0% (0),0% (0),0% (0),100.0% (1),0% (0)
K B  R>CNH,1,100.0% (1),0% (0),0% (0),0% (0),0% (0),0% (0),0% (0),0% (0),0% (0)
K <T MNXT <RB,1,0% (0),0% (0),0% (0),0% (0),0% (0),100.0% (1),0% (0),0% (0),0% (0)
K <T,1,0% (0),0% (0),0% (0),0% (0),100.0% (1),0% (0),0% (0),0% (0),0% (0)
K <FRT H JMJM,1,0% (0),0% (0),0% (0),0% (0),0% (0),0% (0),0% (0),100.0% (1),0% (0)
K <FR CNJM,1,0% (0),0% (0),0% (0),0% (0),0% (0),0% (0),0% (0),100.0% (1),0% (0)
K  <T XJH,1,100.0% (1),0% (0),0% (0),0% (0),0% (0),0% (0),0% (0),0% (0),0% (0)
K  <T MXR H CLCJT,1,100.0% (1),0% (0),0% (0),0% (0),0% (0),0% (0),0% (0),0% (0),0% (0)
JWM W JWM,1,0% (0),0% (0),0% (0),100.0% (1),0% (0),0% (0),0% (0),0% (0),0% (0)
JWM MYPJK,1,0% (0),0% (0),0% (0),0% (0),100.0% (1),0% (0),0% (0),0% (0),0% (0)
JWM MLKNW,1,0% (0),0% (0),0% (0),0% (0),100.0% (1),0% (0),0% (0),0% (0),0% (0)
JWM H HW>,1,100.0% (1),0% (0),0% (0),0% (0),0% (0),0% (0),0% (0),0% (0),0% (0)
JWM B JWM,1,0% (0),0% (0),0% (0),0% (0),0% (0),100.0% (1),0% (0),0% (0),0% (0)
JWM >W JWMJM,1,100.0% (1),0% (0),0% (0),0% (0),0% (0),0% (0),0% (0),0% (0),0% (0)
JTR CNWTJ,1,0% (0),0% (0),0% (0),0% (0),100.0% (1),0% (0),0% (0),0% (0),0% (0)
JMJM RBJM K  JMJM,1,0% (0),0% (0),0% (0),0% (0),0% (0),0% (0),0% (0),100.0% (1),0% (0)
JMJM RBJM CMWNJM W M>T JWM,1,0% (0),0% (0),0% (0),100.0% (1),0% (0),0% (0),0% (0),0% (0),0% (0)
JMJM RBJM <D H JWM H ZH,1,0% (0),0% (0),0% (0),0% (0),100.0% (1),0% (0),0% (0),0% (0),0% (0)
JMJM MSPR,1,100.0% (1),0% (0),0% (0),0% (0),0% (0),0% (0),0% (0),0% (0),0% (0)
JMJM CNJM,1,0% (0),0% (0),0% (0),0% (0),0% (0),0% (0),0% (0),100.0% (1),0% (0)
JMJM >XDJM,1,0% (0),0% (0),0% (0),0% (0),0% (0),0% (0),0% (0),0% (0),100.0% (1)
JMJM >W <FWR,1,100.0% (1),0% (0),0% (0),0% (0),0% (0),0% (0),0% (0),0% (0),0% (0)
JMJM >RB<H XDCJM,1,0% (0),0% (0),0% (0),0% (0),0% (0),0% (0),0% (0),100.0% (1),0% (0)
JMJM <L JMJM,1,100.0% (1),0% (0),0% (0),0% (0),0% (0),0% (0),0% (0),0% (0),0% (0)
JMJM <L CNH,1,100.0% (1),0% (0),0% (0),0% (0),0% (0),0% (0),0% (0),0% (0),0% (0)
JMJ XJJW,1,100.0% (1),0% (0),0% (0),0% (0),0% (0),0% (0),0% (0),0% (0),0% (0)
JMJ <NJH W MRWDJH,1,0% (0),0% (0),0% (0),0% (0),100.0% (1),0% (0),0% (0),0% (0),0% (0)
H JWM W MXR,1,0% (0),0% (0),0% (0),0% (0),0% (0),0% (0),0% (0),0% (0),100.0% (1)
H JWM CLCT H JMJM,1,0% (0),0% (0),0% (0),0% (0),0% (0),100.0% (1),0% (0),0% (0),0% (0)
H JWM CLCH,1,0% (0),0% (0),0% (0),0% (0),100.0% (1),0% (0),0% (0),0% (0),0% (0)
H JMJM H B>JM,1,0% (0),0% (0),0% (0),0% (0),100.0% (1),0% (0),0% (0),0% (0),0% (0)
H CNJM H >LH,1,100.0% (1),0% (0),0% (0),0% (0),0% (0),0% (0),0% (0),0% (0),0% (0)
H CBJ<T,1,100.0% (1),0% (0),0% (0),0% (0),0% (0),0% (0),0% (0),0% (0),0% (0)
GM TMWL GM CLCM,1,0% (0),0% (0),0% (0),0% (0),100.0% (1),0% (0),0% (0),0% (0),0% (0)
GM MXR,1,100.0% (1),0% (0),0% (0),0% (0),0% (0),0% (0),0% (0),0% (0),0% (0)
GM M >Z,1,0% (0),0% (0),0% (0),0% (0),100.0% (1),0% (0),0% (0),0% (0),0% (0)
GM LJLH GM JWMM KL JMJ,1,0% (0),0% (0),0% (0),0% (0),100.0% (1),0% (0),0% (0),0% (0),0% (0)
GM L MXR,1,0% (0),0% (0),0% (0),0% (0),0% (0),0% (0),100.0% (1),0% (0),0% (0)
GM KL JMJW,1,100.0% (1),0% (0),0% (0),0% (0),0% (0),0% (0),0% (0),0% (0),0% (0)
GM H LJLH,1,100.0% (1),0% (0),0% (0),0% (0),0% (0),0% (0),0% (0),0% (0),0% (0)
GM B JWM >RB<H <FR L XDC >DR,1,0% (0),0% (0),0% (0),0% (0),0% (0),0% (0),0% (0),100.0% (1),0% (0)
GM B  P<M H Z>T,1,0% (0),0% (0),0% (0),0% (0),0% (0),0% (0),0% (0),100.0% (1),0% (0)
GM B  LJLH H HW>,1,0% (0),0% (0),0% (0),0% (0),0% (0),0% (0),0% (0),100.0% (1),0% (0)
GM B  LJLH,1,0% (0),0% (0),0% (0),0% (0),100.0% (1),0% (0),0% (0),0% (0),0% (0)
GM B  JWM W B  LJLH,1,0% (0),0% (0),0% (0),0% (0),0% (0),100.0% (1),0% (0),0% (0),0% (0)
GM B  JWM H CNJ,1,0% (0),0% (0),0% (0),0% (0),0% (0),0% (0),0% (0),100.0% (1),0% (0)
GM B  JMJM H HMH,1,100.0% (1),0% (0),0% (0),0% (0),0% (0),0% (0),0% (0),0% (0),0% (0)
GM B  <T H HJ>,1,0% (0),0% (0),0% (0),0% (0),100.0% (1),0% (0),0% (0),0% (0),0% (0)
GM >TMWL GM CLCWM,1,0% (0),0% (0),0% (0),0% (0),100.0% (1),0% (0),0% (0),0% (0),0% (0)
GM <D H <T H HJ>,1,0% (0),0% (0),0% (0),0% (0),100.0% (1),0% (0),0% (0),0% (0),0% (0)
DWR DWRJM,1,100.0% (1),0% (0),0% (0),0% (0),0% (0),0% (0),0% (0),0% (0),0% (0)
CTJM W CMWNJM CNH W CB< M>WT CNH,1,0% (0),0% (0),0% (0),0% (0),0% (0),0% (0),0% (0),100.0% (1),0% (0)
CTJM W CMNJM CNH W M>T CNH,1,0% (0),0% (0),0% (0),0% (0),0% (0),0% (0),0% (0),100.0% (1),0% (0)
CTJM W CLCJM CNH,1,0% (0),0% (0),0% (0),0% (0),0% (0),0% (0),0% (0),100.0% (1),0% (0)
CTJM W CCJM CNH W M>T CNH,1,0% (0),0% (0),0% (0),0% (0),0% (0),0% (0),0% (0),100.0% (1),0% (0)
CTJ CNJM,1,0% (0),0% (0),0% (0),0% (0),100.0% (1),0% (0),0% (0),0% (0),0% (0)
CNTJM JMJM,1,0% (0),0% (0),0% (0),0% (0),0% (0),0% (0),0% (0),100.0% (1),0% (0)
CNTJM >XR H MBWL,1,0% (0),0% (0),0% (0),0% (0),0% (0),0% (0),0% (0),100.0% (1),0% (0)
CNJM CLWC,1,0% (0),0% (0),0% (0),100.0% (1),0% (0),0% (0),0% (0),0% (0),0% (0)
CNJM <FR XDC,1,0% (0),0% (0),0% (0),100.0% (1),0% (0),0% (0),0% (0),0% (0),0% (0)
CNJ XDCJM,1,0% (0),0% (0),0% (0),0% (0),0% (0),0% (0),0% (0),100.0% (1),0% (0)
CNH CNH,1,0% (0),0% (0),0% (0),0% (0),0% (0),100.0% (1),0% (0),0% (0),0% (0)
CMWNH <FRH CNH,1,0% (0),0% (0),0% (0),0% (0),0% (0),0% (0),0% (0),100.0% (1),0% (0)
CMNH M>WT CNH,1,0% (0),0% (0),0% (0),0% (0),0% (0),0% (0),0% (0),100.0% (1),0% (0)
CMNH CNH,1,0% (0),0% (0),0% (0),0% (0),100.0% (1),0% (0),0% (0),0% (0),0% (0)
CLWCJM JWM,1,0% (0),0% (0),0% (0),0% (0),100.0% (1),0% (0),0% (0),0% (0),0% (0)
CLWC CNJM,1,0% (0),0% (0),0% (0),0% (0),100.0% (1),0% (0),0% (0),0% (0),0% (0)
CLCJM W M>T CNH,1,0% (0),0% (0),0% (0),0% (0),0% (0),0% (0),0% (0),100.0% (1),0% (0)
CLCJM W CLWC CNH,1,0% (0),0% (0),0% (0),0% (0),100.0% (1),0% (0),0% (0),0% (0),0% (0)
CLCJM W CLWC,1,0% (0),0% (0),0% (0),0% (0),100.0% (1),0% (0),0% (0),0% (0),0% (0)
CLCJM W CLC CNJM,1,0% (0),0% (0),0% (0),0% (0),100.0% (1),0% (0),0% (0),0% (0),0% (0)
CLCJM W CLC CNH,1,0% (0),0% (0),0% (0),0% (0),100.0% (1),0% (0),0% (0),0% (0),0% (0)
CLCJM JWM W CLCT JMJM,1,100.0% (1),0% (0),0% (0),0% (0),0% (0),0% (0),0% (0),0% (0),0% (0)
CLCJM CNH W CMNH M>WT CNH,1,0% (0),0% (0),0% (0),0% (0),0% (0),0% (0),0% (0),100.0% (1),0% (0)
CLCJM CNH W >RB< M>WT CNH,1,0% (0),0% (0),0% (0),0% (0),0% (0),0% (0),0% (0),100.0% (1),0% (0)
CLCH XDCJM W <FRT JMJM,1,0% (0),0% (0),0% (0),0% (0),100.0% (1),0% (0),0% (0),0% (0),0% (0)
CLCH JRXJM,1,0% (0),0% (0),0% (0),0% (0),0% (0),0% (0),0% (0),100.0% (1),0% (0)
CCT XDCJM,1,0% (0),0% (0),0% (0),0% (0),100.0% (1),0% (0),0% (0),0% (0),0% (0)
CCT JMJ H M<FH,1,100.0% (1),0% (0),0% (0),0% (0),0% (0),0% (0),0% (0),0% (0),0% (0)
CCJM JWM W CCT JMJM,1,100.0% (1),0% (0),0% (0),0% (0),0% (0),0% (0),0% (0),0% (0),0% (0)
CBW< >XD,1,0% (0),0% (0),0% (0),0% (0),0% (0),0% (0),0% (0),0% (0),100.0% (1)
CBT CBT,1,0% (0),0% (0),0% (0),100.0% (1),0% (0),0% (0),0% (0),0% (0),0% (0)
CB<T JMJM W CB<T LJLWT,1,0% (0),0% (0),0% (0),0% (0),0% (0),0% (0),0% (0),100.0% (1),0% (0)
CB<T JMJM B  CNH,1,0% (0),0% (0),0% (0),0% (0),0% (0),0% (0),0% (0),0% (0),100.0% (1)
CB<T JMJ H MCTH,1,100.0% (1),0% (0),0% (0),0% (0),0% (0),0% (0),0% (0),0% (0),0% (0)
CB<JM JWM,1,0% (0),0% (0),0% (0),0% (0),0% (0),0% (0),0% (0),100.0% (1),0% (0)
CB<JM CCJM W CNJM,1,100.0% (1),0% (0),0% (0),0% (0),0% (0),0% (0),0% (0),0% (0),0% (0)
CB<JM,1,0% (0),0% (0),0% (0),0% (0),0% (0),0% (0),0% (0),0% (0),100.0% (1)
CB< W CMNJM CNH W M>T CNH,1,0% (0),0% (0),0% (0),0% (0),0% (0),0% (0),0% (0),100.0% (1),0% (0)
CB< CNJM W M>TJM CNH,1,0% (0),0% (0),0% (0),0% (0),0% (0),0% (0),0% (0),100.0% (1),0% (0)
CB< CNJM W CMNH M>WT CNH,1,0% (0),0% (0),0% (0),0% (0),0% (0),0% (0),0% (0),100.0% (1),0% (0)
BLTJ H JWM,1,0% (0),0% (0),0% (0),0% (0),100.0% (1),0% (0),0% (0),0% (0),0% (0)
B ZMNJHM,1,0% (0),0% (0),0% (0),100.0% (1),0% (0),0% (0),0% (0),0% (0),0% (0)
B XYJ JMW,1,100.0% (1),0% (0),0% (0),0% (0),0% (0),0% (0),0% (0),0% (0),0% (0)
B XYJ JMJ,1,100.0% (1),0% (0),0% (0),0% (0),0% (0),0% (0),0% (0),0% (0),0% (0)
B XMCH <FR L  XDC,1,0% (0),0% (0),0% (0),0% (0),0% (0),0% (0),0% (0),100.0% (1),0% (0)
B XMCH <FR JWM L  XDC H CNJ,1,0% (0),0% (0),0% (0),0% (0),0% (0),0% (0),0% (0),100.0% (1),0% (0)
B XMCH <FR JWM L  XDC H CBJ<J,1,100.0% (1),0% (0),0% (0),0% (0),0% (0),0% (0),0% (0),0% (0),0% (0)
B XMCH <FR JWM B  XDC H CMJNJ B  XDC,1,0% (0),0% (0),0% (0),0% (0),0% (0),0% (0),0% (0),100.0% (1),0% (0)
B XMCH <FR BW,1,0% (0),0% (0),100.0% (1),0% (0),0% (0),0% (0),0% (0),0% (0),0% (0)
B XJW,1,0% (0),0% (0),0% (0),0% (0),0% (0),0% (0),0% (0),100.0% (1),0% (0)
B XJJH,1,0% (0),0% (0),0% (0),100.0% (1),0% (0),0% (0),0% (0),0% (0),0% (0)
B XDCH,1,100.0% (1),0% (0),0% (0),0% (0),0% (0),0% (0),0% (0),0% (0),0% (0)
B XDC NJSN CNT <FRJM L >RTXCST> H MLK,1,0% (0),0% (0),0% (0),0% (0),0% (0),0% (0),0% (0),100.0% (1),0% (0)
B XDC KSLW CNT <FRJM,1,0% (0),0% (0),0% (0),0% (0),0% (0),0% (0),0% (0),100.0% (1),0% (0)
B XDC H >BJB,1,0% (0),0% (0),0% (0),0% (0),100.0% (1),0% (0),0% (0),0% (0),0% (0)
B TXLT QYJR F<RJM,1,0% (0),0% (0),0% (0),0% (0),100.0% (1),0% (0),0% (0),0% (0),0% (0)
B TXLT,1,0% (0),0% (0),0% (0),0% (0),0% (0),100.0% (1),0% (0),0% (0),0% (0)
B TWK YHRJM,1,0% (0),100.0% (1),0% (0),0% (0),0% (0),0% (0),0% (0),0% (0),0% (0)
B TWK H LJLH,1,0% (0),0% (0),0% (0),0% (0),0% (0),0% (0),0% (0),100.0% (1),0% (0)
B TC<H L  XDC B  <RB M <RB <D <RB,1,100.0% (1),0% (0),0% (0),0% (0),0% (0),0% (0),0% (0),0% (0),0% (0)
B RG< QVN,1,0% (0),0% (0),0% (0),0% (0),100.0% (1),0% (0),0% (0),0% (0),0% (0)
B RB H JMJM,1,100.0% (1),0% (0),0% (0),0% (0),0% (0),0% (0),0% (0),0% (0),0% (0)
B R>CJT MMLKWT JHWJQJM BN J>CJHW MLK JHWDH,1,0% (0),0% (0),0% (0),0% (0),100.0% (1),0% (0),0% (0),0% (0),0% (0)
B R>CJT MMLKT JHWJQM BN J>WCJHW MLK JHWDH,1,0% (0),0% (0),0% (0),0% (0),100.0% (1),0% (0),0% (0),0% (0),0% (0)
B R>CJT MLKWT YDQJH MLK JHWDH,1,0% (0),0% (0),0% (0),0% (0),100.0% (1),0% (0),0% (0),0% (0),0% (0)
B R>CJT,1,0% (0),0% (0),0% (0),0% (0),100.0% (1),0% (0),0% (0),0% (0),0% (0)
B R>CJ XDCJKM,1,100.0% (1),0% (0),0% (0),0% (0),0% (0),0% (0),0% (0),0% (0),0% (0)
B N<WRJHN,1,0% (0),0% (0),0% (0),0% (0),100.0% (1),0% (0),0% (0),0% (0),0% (0)
B N<WRJH,1,0% (0),0% (0),0% (0),0% (0),100.0% (1),0% (0),0% (0),0% (0),0% (0)
B MWT >BJH W >MH,1,0% (0),0% (0),0% (0),0% (0),100.0% (1),0% (0),0% (0),0% (0),0% (0)
B MW<DW,1,0% (0),0% (0),0% (0),100.0% (1),0% (0),0% (0),0% (0),0% (0),0% (0)
B MNXT H <RB,1,0% (0),0% (0),0% (0),0% (0),100.0% (1),0% (0),0% (0),0% (0),0% (0)
B MLKWTW,1,0% (0),0% (0),0% (0),0% (0),100.0% (1),0% (0),0% (0),0% (0),0% (0)
B MLKWT >XCWRWC B TXLT MLKWTW,1,0% (0),0% (0),0% (0),0% (0),100.0% (1),0% (0),0% (0),0% (0),0% (0)
B LJLH >XD,1,0% (0),0% (0),0% (0),0% (0),0% (0),0% (0),0% (0),100.0% (1),0% (0)
B L> JWMW,1,100.0% (1),0% (0),0% (0),0% (0),0% (0),0% (0),0% (0),0% (0),0% (0)
B L> <TK,1,100.0% (1),0% (0),0% (0),0% (0),0% (0),0% (0),0% (0),0% (0),0% (0)
B KL LJLH,1,100.0% (1),0% (0),0% (0),0% (0),0% (0),0% (0),0% (0),0% (0),0% (0)
B KL JWM W JWM,1,0% (0),0% (0),0% (0),0% (0),0% (0),100.0% (1),0% (0),0% (0),0% (0)
B KL JMJNW,1,100.0% (1),0% (0),0% (0),0% (0),0% (0),0% (0),0% (0),0% (0),0% (0)
B KL,1,0% (0),0% (0),0% (0),0% (0),100.0% (1),0% (0),0% (0),0% (0),0% (0)
B JYQTW,1,0% (0),0% (0),0% (0),0% (0),0% (0),0% (0),100.0% (1),0% (0),0% (0)
B JWMW,1,100.0% (1),0% (0),0% (0),0% (0),0% (0),0% (0),0% (0),0% (0),0% (0)
B JWMM,1,0% (0),0% (0),0% (0),0% (0),100.0% (1),0% (0),0% (0),0% (0),0% (0)
B JWM ZBXKM,1,100.0% (1),0% (0),0% (0),0% (0),0% (0),0% (0),0% (0),0% (0),0% (0)
B JWM ZBX JHWH,1,0% (0),0% (0),0% (0),0% (0),0% (0),0% (0),0% (0),0% (0),100.0% (1)
B JWM YWM,1,0% (0),0% (0),0% (0),0% (0),0% (0),0% (0),0% (0),0% (0),100.0% (1)
B JWM YMKM,1,100.0% (1),0% (0),0% (0),0% (0),0% (0),0% (0),0% (0),0% (0),0% (0)
B JWM XTNTW W B JWM FMXT LBW,1,0% (0),0% (0),0% (0),0% (0),100.0% (1),0% (0),0% (0),0% (0),0% (0)
B JWM XRWN >PW,1,0% (0),0% (0),0% (0),0% (0),100.0% (1),0% (0),0% (0),0% (0),0% (0)
B JWM W <D H JWM H ZH,1,0% (0),0% (0),0% (0),0% (0),100.0% (1),0% (0),0% (0),0% (0),0% (0)
B JWM VWBH,1,0% (0),100.0% (1),0% (0),0% (0),0% (0),0% (0),0% (0),0% (0),0% (0)
B JWM TWKXH,1,100.0% (1),0% (0),0% (0),0% (0),0% (0),0% (0),0% (0),0% (0),0% (0)
B JWM QRBNW,1,100.0% (1),0% (0),0% (0),0% (0),0% (0),0% (0),0% (0),0% (0),0% (0)
B JWM QDJM,1,0% (0),0% (0),0% (0),0% (0),100.0% (1),0% (0),0% (0),0% (0),0% (0)
B JWM QDCJ,1,0% (0),0% (0),0% (0),100.0% (1),0% (0),0% (0),0% (0),0% (0),0% (0)
B JWM PC<W,1,100.0% (1),0% (0),0% (0),0% (0),0% (0),0% (0),0% (0),0% (0),0% (0)
B JWM NV<K,1,100.0% (1),0% (0),0% (0),0% (0),0% (0),0% (0),0% (0),0% (0),0% (0)
B JWM NQM,1,100.0% (1),0% (0),0% (0),0% (0),0% (0),0% (0),0% (0),0% (0),0% (0)
B JWM NCQ,1,0% (0),0% (0),0% (0),0% (0),100.0% (1),0% (0),0% (0),0% (0),0% (0)
B JWM MYRJM,1,0% (0),0% (0),0% (0),0% (0),0% (0),0% (0),0% (0),0% (0),100.0% (1)
B JWM MXR,1,0% (0),0% (0),0% (0),0% (0),0% (0),0% (0),0% (0),0% (0),100.0% (1)
B JWM MPLTK,1,0% (0),0% (0),0% (0),0% (0),0% (0),0% (0),0% (0),0% (0),100.0% (1)
B JWM MLXMT,1,0% (0),0% (0),0% (0),0% (0),0% (0),0% (0),0% (0),0% (0),100.0% (1)
B JWM JHWH,1,0% (0),0% (0),0% (0),100.0% (1),0% (0),0% (0),0% (0),0% (0),0% (0)
B JWM JCW<H,1,0% (0),0% (0),0% (0),0% (0),100.0% (1),0% (0),0% (0),0% (0),0% (0)
B JWM HRG RB,1,0% (0),0% (0),0% (0),0% (0),0% (0),0% (0),0% (0),0% (0),100.0% (1)
B JWM H XDC H CNJ,1,0% (0),0% (0),0% (0),0% (0),100.0% (1),0% (0),0% (0),0% (0),0% (0)
B JWM H MGPH,1,0% (0),0% (0),0% (0),0% (0),0% (0),0% (0),100.0% (1),0% (0),0% (0)
B JWM H M<FH,1,0% (0),0% (0),0% (0),0% (0),100.0% (1),0% (0),0% (0),0% (0),0% (0)
B JWM H KPRJM,1,100.0% (1),0% (0),0% (0),0% (0),0% (0),0% (0),0% (0),0% (0),0% (0)
B JWM H GCM,1,100.0% (1),0% (0),0% (0),0% (0),0% (0),0% (0),0% (0),0% (0),0% (0)
B JWM H CBT B JWM H CBT,1,100.0% (1),0% (0),0% (0),0% (0),0% (0),0% (0),0% (0),0% (0),0% (0)
B JWM H BKWRJM,1,100.0% (1),0% (0),0% (0),0% (0),0% (0),0% (0),0% (0),0% (0),0% (0)
B JWM G>WNJK,1,0% (0),0% (0),0% (0),0% (0),100.0% (1),0% (0),0% (0),0% (0),0% (0)
B JWM CMWNH L  XDC,1,0% (0),0% (0),0% (0),0% (0),100.0% (1),0% (0),0% (0),0% (0),0% (0)
B JWM CCH <FR L  XDC H R>CWN,1,0% (0),0% (0),0% (0),0% (0),100.0% (1),0% (0),0% (0),0% (0),0% (0)
B JWM >XR,1,0% (0),0% (0),0% (0),0% (0),0% (0),0% (0),0% (0),0% (0),100.0% (1)
B JWM >XD L  XDC H CBJ<J,1,0% (0),0% (0),0% (0),0% (0),0% (0),0% (0),0% (0),100.0% (1),0% (0)
B JWM >XD L  XDC H <FJRJ,1,0% (0),0% (0),0% (0),0% (0),0% (0),0% (0),0% (0),100.0% (1),0% (0)
B JWM >WR,1,0% (0),0% (0),0% (0),0% (0),0% (0),0% (0),0% (0),0% (0),100.0% (1)
B JWM >PK,1,0% (0),0% (0),0% (0),0% (0),100.0% (1),0% (0),0% (0),0% (0),0% (0)
B JWM >P JHWH,1,0% (0),0% (0),0% (0),0% (0),100.0% (1),0% (0),0% (0),0% (0),0% (0)
B JWM >JDK,1,100.0% (1),0% (0),0% (0),0% (0),0% (0),0% (0),0% (0),0% (0),0% (0)
B JWM <NN W <RPL,1,0% (0),0% (0),0% (0),0% (0),100.0% (1),0% (0),0% (0),0% (0),0% (0)
B JWM <FRJM W CLCH L  XDC H CBJ<J,1,0% (0),0% (0),0% (0),0% (0),100.0% (1),0% (0),0% (0),0% (0),0% (0)
B JWM <FRJM W >RB<H L <CTJ <FR XDC B CNT CTJM L DRJWC,1,0% (0),0% (0),0% (0),0% (0),100.0% (1),0% (0),0% (0),0% (0),0% (0)
B JWM <FRJM W >RB<H L  XDC H ZH,1,0% (0),0% (0),0% (0),0% (0),100.0% (1),0% (0),0% (0),0% (0),0% (0)
B JWM <BRH,1,100.0% (1),0% (0),0% (0),0% (0),0% (0),0% (0),0% (0),0% (0),0% (0)
B JRX H >TNJM B  XG,1,0% (0),0% (0),0% (0),0% (0),0% (0),0% (0),0% (0),100.0% (1),0% (0)
B JMJM QDMWNJM,1,0% (0),0% (0),0% (0),0% (0),100.0% (1),0% (0),0% (0),0% (0),0% (0)
B JMJM >XDJM,1,100.0% (1),0% (0),0% (0),0% (0),0% (0),0% (0),0% (0),0% (0),0% (0)
B JMJHM B JMJ QDM,1,0% (0),0% (0),0% (0),0% (0),100.0% (1),0% (0),0% (0),0% (0),0% (0)
B JMJ ZRBBL W B JMJ NXMJH,1,0% (0),0% (0),0% (0),0% (0),0% (0),100.0% (1),0% (0),0% (0),0% (0)
B JMJ ZKRJHW,1,0% (0),0% (0),0% (0),100.0% (1),0% (0),0% (0),0% (0),0% (0),0% (0)
B JMJ XZQJHW MLK JHWDH,1,0% (0),0% (0),0% (0),0% (0),100.0% (1),0% (0),0% (0),0% (0),0% (0)
B JMJ XRPJ,1,0% (0),0% (0),0% (0),0% (0),100.0% (1),0% (0),0% (0),0% (0),0% (0)
B JMJ R<BWN,1,100.0% (1),0% (0),0% (0),0% (0),0% (0),0% (0),0% (0),0% (0),0% (0)
B JMJ R<,1,100.0% (1),0% (0),0% (0),0% (0),0% (0),0% (0),0% (0),0% (0),0% (0)
B JMJ QYJR XVJM,1,0% (0),0% (0),0% (0),0% (0),0% (0),0% (0),0% (0),100.0% (1),0% (0)
B JMJ QYJR B  R>CNJM  TXLT QYJR F<RJM,1,0% (0),0% (0),0% (0),0% (0),100.0% (1),0% (0),0% (0),0% (0),0% (0)
B JMJ PQX MLK JFR>L,1,0% (0),0% (0),0% (0),0% (0),100.0% (1),0% (0),0% (0),0% (0),0% (0)
B JMJ JXZQJHW,1,0% (0),0% (0),0% (0),0% (0),100.0% (1),0% (0),0% (0),0% (0),0% (0)
B JMJ JWTM MLK JHWDH W B JMJ JRB<M MLK JFR>L,1,0% (0),0% (0),0% (0),0% (0),100.0% (1),0% (0),0% (0),0% (0),0% (0)
B JMJ JWTM >XZ JXZQJH MLKJ JHWDH,1,0% (0),0% (0),0% (0),0% (0),100.0% (1),0% (0),0% (0),0% (0),0% (0)
B JMJ JWJQJM,1,0% (0),0% (0),0% (0),0% (0),100.0% (1),0% (0),0% (0),0% (0),0% (0)
B JMJ J>CJHW H MLK,1,0% (0),0% (0),0% (0),0% (0),0% (0),0% (0),0% (0),100.0% (1),0% (0)
B JMJ J>CJHW BN >MWN MLK JHWDH,1,0% (0),0% (0),0% (0),0% (0),100.0% (1),0% (0),0% (0),0% (0),0% (0)
B JMJ HBLJ,1,0% (0),0% (0),0% (0),0% (0),100.0% (1),0% (0),0% (0),0% (0),0% (0)
B JMJ BXWRTJK,1,0% (0),100.0% (1),0% (0),0% (0),0% (0),0% (0),0% (0),0% (0),0% (0)
B JMJ BNW,1,100.0% (1),0% (0),0% (0),0% (0),0% (0),0% (0),0% (0),0% (0),0% (0)
B JMJ >XZ BN JWTM BN <ZJHW MLK JHWDH,1,0% (0),0% (0),0% (0),0% (0),0% (0),0% (0),0% (0),100.0% (1),0% (0)
B JMJ >XCWRWC,1,0% (0),0% (0),0% (0),0% (0),0% (0),0% (0),0% (0),100.0% (1),0% (0)
B JMJ >S> >BJW,1,0% (0),0% (0),0% (0),0% (0),100.0% (1),0% (0),0% (0),0% (0),0% (0)
B JMJ >RTXCFT>,1,0% (0),0% (0),0% (0),0% (0),100.0% (1),0% (0),0% (0),0% (0),0% (0)
B JMJ >MRPL MLK CN<R >RJWK MLK >LSR KDRL<MR MLK <JLM W TD<L MLK GWJM,1,0% (0),0% (0),0% (0),0% (0),0% (0),0% (0),0% (0),100.0% (1),0% (0)
B JMJ >LJCJB JWJD< W JWXNN W JDW<,1,0% (0),0% (0),0% (0),0% (0),0% (0),0% (0),100.0% (1),0% (0),0% (0)
B JMJ >BJHW,1,0% (0),0% (0),0% (0),0% (0),100.0% (1),0% (0),0% (0),0% (0),0% (0)
B JMJ <ZJHW JWTM >XZ JXZQJHW MLKJ JHWDH,1,0% (0),0% (0),0% (0),0% (0),100.0% (1),0% (0),0% (0),0% (0),0% (0)
B JMJ <ZJH MLK JHWDH,1,0% (0),0% (0),0% (0),0% (0),100.0% (1),0% (0),0% (0),0% (0),0% (0)
B JMJ <ZJH JWTM >XZ JXZQJH MLKJ JHWDH W B JMJ JRB<M BN JW>C MLK JFR>L,1,0% (0),0% (0),0% (0),0% (0),100.0% (1),0% (0),0% (0),0% (0),0% (0)
B HR YJWN W B JRWCLM,1,100.0% (1),0% (0),0% (0),0% (0),0% (0),0% (0),0% (0),0% (0),0% (0)
B FJBH,1,100.0% (1),0% (0),0% (0),0% (0),0% (0),0% (0),0% (0),0% (0),0% (0)
B DWR >XR,1,100.0% (1),0% (0),0% (0),0% (0),0% (0),0% (0),0% (0),0% (0),0% (0)
B DR W DR,1,0% (0),0% (0),0% (0),0% (0),100.0% (1),0% (0),0% (0),0% (0),0% (0)
B DMJ JMJ,1,100.0% (1),0% (0),0% (0),0% (0),0% (0),0% (0),0% (0),0% (0),0% (0)
B CTJM <FRH CNH,1,0% (0),0% (0),0% (0),0% (0),100.0% (1),0% (0),0% (0),0% (0),0% (0)
B CNT XMC L JWRM BN >X>B MLK JFR>L,1,0% (0),0% (0),0% (0),0% (0),100.0% (1),0% (0),0% (0),0% (0),0% (0)
B CNT MWT H MLK >XZ,1,0% (0),0% (0),0% (0),0% (0),100.0% (1),0% (0),0% (0),0% (0),0% (0)
B CNT MLKTW,1,0% (0),0% (0),0% (0),0% (0),100.0% (1),0% (0),0% (0),0% (0),0% (0)
B CNT H TCJ<JT L HWC<,1,0% (0),0% (0),0% (0),0% (0),100.0% (1),0% (0),0% (0),0% (0),0% (0)
B CNT H TCJ<JT,1,0% (0),0% (0),0% (0),0% (0),0% (0),0% (0),0% (0),100.0% (1),0% (0)
B CNT H RBJ<JT L JHWJQJM BN J>CJHW MLK JHWDH,1,0% (0),0% (0),0% (0),0% (0),100.0% (1),0% (0),0% (0),0% (0),0% (0)
B CNT H RB<JT,1,0% (0),0% (0),0% (0),100.0% (1),0% (0),0% (0),0% (0),0% (0),0% (0)
B CNT H JWBL H Z>T,1,100.0% (1),0% (0),0% (0),0% (0),0% (0),0% (0),0% (0),0% (0),0% (0)
B CNT H JWBL,1,100.0% (1),0% (0),0% (0),0% (0),0% (0),0% (0),0% (0),0% (0),0% (0)
B CNT H >RB<JM L MLKWT DWJD,1,0% (0),0% (0),0% (0),0% (0),100.0% (1),0% (0),0% (0),0% (0),0% (0)
B CNT H >RB<JM B  XDC H XMJCJ B >XD L  XDC,1,0% (0),0% (0),0% (0),0% (0),0% (0),0% (0),0% (0),100.0% (1),0% (0)
B CNT CTJM L PQX BN RMLJHW MLK JFR>L,1,0% (0),0% (0),0% (0),0% (0),100.0% (1),0% (0),0% (0),0% (0),0% (0)
B CNT CTJM L MLKWT NBKDNYR,1,0% (0),0% (0),0% (0),0% (0),100.0% (1),0% (0),0% (0),0% (0),0% (0)
B CNT CTJM L JW>C BN JW>XZ MLK JFR>L,1,0% (0),0% (0),0% (0),0% (0),100.0% (1),0% (0),0% (0),0% (0),0% (0)
B CNT CTJM L JHWRM BN JHWCPV MLK JHWDH,1,0% (0),0% (0),0% (0),0% (0),0% (0),0% (0),0% (0),100.0% (1),0% (0)
B CNT CTJM L DRJWC H MLK B  XDC H CCJ B JWM >XD L  XDC,1,0% (0),0% (0),0% (0),0% (0),100.0% (1),0% (0),0% (0),0% (0),0% (0)
B CNT CTJM L >S> MLK JHWDH,1,0% (0),0% (0),0% (0),0% (0),100.0% (1),0% (0),0% (0),0% (0),0% (0)
B CNT CTJM <FRH CNH L JWRM BN >X>B MLK JFR>L,1,0% (0),0% (0),0% (0),0% (0),100.0% (1),0% (0),0% (0),0% (0),0% (0)
B CNT CMWNH <FRH,1,0% (0),0% (0),0% (0),0% (0),100.0% (1),0% (0),0% (0),0% (0),0% (0)
B CNT CMNH <FRH L JHWCPV MLK JHWDH,1,0% (0),0% (0),0% (0),0% (0),100.0% (1),0% (0),0% (0),0% (0),0% (0)
B CNT CMNH <FRH L  MLK JRB<M BN NBV,1,0% (0),0% (0),0% (0),0% (0),100.0% (1),0% (0),0% (0),0% (0),0% (0)
B CNT CMNH,1,0% (0),0% (0),0% (0),0% (0),0% (0),0% (0),0% (0),100.0% (1),0% (0)
B CNT CLWCJM W TC< L MLKWTW,1,0% (0),0% (0),0% (0),0% (0),0% (0),0% (0),0% (0),100.0% (1),0% (0)
B CNT CLWC L MLKWT JHWJQJM MLK JHWDH,1,0% (0),0% (0),0% (0),0% (0),100.0% (1),0% (0),0% (0),0% (0),0% (0)
B CNT CLWC L MLKWT BL>CYR H MLK,1,0% (0),0% (0),0% (0),0% (0),100.0% (1),0% (0),0% (0),0% (0),0% (0)
B CNT CLWC L KWRC MLK PRS,1,0% (0),0% (0),0% (0),0% (0),100.0% (1),0% (0),0% (0),0% (0),0% (0)
B CNT CLWC,1,0% (0),0% (0),0% (0),0% (0),100.0% (1),0% (0),0% (0),0% (0),0% (0)
B CNT CLCJM W TC< CNH L <ZJH MLK JHWDH,1,0% (0),0% (0),0% (0),0% (0),100.0% (1),0% (0),0% (0),0% (0),0% (0)
B CNT CLCJM W CTJM L >RTXCST> MLK BBL,1,0% (0),0% (0),0% (0),0% (0),100.0% (1),0% (0),0% (0),0% (0),0% (0)
B CNT CLCJM W CMNH CNH L >S> MLK JHWDH,1,0% (0),0% (0),0% (0),0% (0),100.0% (1),0% (0),0% (0),0% (0),0% (0)
B CNT CLCJM W CC L MLKWT >S>,1,0% (0),0% (0),0% (0),0% (0),100.0% (1),0% (0),0% (0),0% (0),0% (0)
B CNT CLC W <FRJM L NBWKDR>YR,1,0% (0),0% (0),0% (0),0% (0),100.0% (1),0% (0),0% (0),0% (0),0% (0)
B CNT CLC L HWC< BN >LH MLK JFR>L,1,0% (0),0% (0),0% (0),0% (0),0% (0),0% (0),0% (0),100.0% (1),0% (0)
B CNT CLC L >S> MLK JHWDH,1,0% (0),0% (0),0% (0),0% (0),0% (0),0% (0),0% (0),100.0% (1),0% (0)
B CNT CC L XZQJH,1,0% (0),0% (0),0% (0),0% (0),100.0% (1),0% (0),0% (0),0% (0),0% (0)
B CNT CB< L JHW>,1,0% (0),0% (0),0% (0),0% (0),100.0% (1),0% (0),0% (0),0% (0),0% (0)
B CNT CB< L >RTXCST> H MLK,1,0% (0),0% (0),0% (0),0% (0),0% (0),0% (0),0% (0),100.0% (1),0% (0)
B CNT CB< <FRH L JHWCPV MLK JHWDH,1,0% (0),0% (0),0% (0),0% (0),100.0% (1),0% (0),0% (0),0% (0),0% (0)
B CNT CB< <FRH CNH L PQX BN RMLJHW,1,0% (0),0% (0),0% (0),0% (0),100.0% (1),0% (0),0% (0),0% (0),0% (0)
B CNT CB<,1,0% (0),0% (0),0% (0),0% (0),100.0% (1),0% (0),0% (0),0% (0),0% (0)
B CNT BYRT,1,100.0% (1),0% (0),0% (0),0% (0),0% (0),0% (0),0% (0),0% (0),0% (0)
B CNT >XT <FRH CNH L JWRM BN >X>B,1,0% (0),0% (0),0% (0),0% (0),100.0% (1),0% (0),0% (0),0% (0),0% (0)
B CNT >XT,1,0% (0),0% (0),0% (0),0% (0),100.0% (1),0% (0),0% (0),0% (0),0% (0)
B CNT >RB<JM W >XT,1,0% (0),0% (0),0% (0),0% (0),0% (0),0% (0),0% (0),100.0% (1),0% (0)
B CNT >RB< L DRJWC H MLK,1,0% (0),0% (0),0% (0),0% (0),0% (0),0% (0),0% (0),100.0% (1),0% (0)
B CNT >RB< L >X>B MLK JFR>L,1,0% (0),0% (0),0% (0),0% (0),100.0% (1),0% (0),0% (0),0% (0),0% (0)
B CNT <FRJM W CLC CNH L  MLK JHW>C,1,0% (0),0% (0),0% (0),0% (0),0% (0),0% (0),0% (0),100.0% (1),0% (0)
B CNT <FRJM W CB< L >S> MLK JHWDH,1,0% (0),0% (0),0% (0),0% (0),0% (0),0% (0),0% (0),100.0% (1),0% (0)
B CNT <FRJM W CB< CNH L JRB<M MLK JFR>L,1,0% (0),0% (0),0% (0),0% (0),100.0% (1),0% (0),0% (0),0% (0),0% (0)
B CNT <FRJM L JWTM BN <ZJH,1,0% (0),0% (0),0% (0),0% (0),0% (0),0% (0),0% (0),100.0% (1),0% (0)
B CNT <FRJM L JRB<M MLK JFR>L,1,0% (0),0% (0),0% (0),0% (0),100.0% (1),0% (0),0% (0),0% (0),0% (0)
B CNJM <FR L  XDC H R>CWN,1,0% (0),0% (0),0% (0),0% (0),0% (0),0% (0),0% (0),100.0% (1),0% (0)
B CMWNH CNJM,1,0% (0),0% (0),0% (0),0% (0),100.0% (1),0% (0),0% (0),0% (0),0% (0)
B CMWNH <FRH CNH L MLKWT J>CJHW,1,0% (0),0% (0),0% (0),0% (0),100.0% (1),0% (0),0% (0),0% (0),0% (0)
B CLCJM W CB< CNH L GLWT JHWJKN MLK JHWDH B CNJM <FR XDC B <FRJM W XMCH L  XDC,1,0% (0),0% (0),0% (0),0% (0),0% (0),0% (0),0% (0),100.0% (1),0% (0)
B CLCJM W CB< CNH L GLWT JHWJKJN MLK JHWDH B CNJM <FR XDC B <FRJM W CB<H L  XDC,1,0% (0),0% (0),0% (0),0% (0),0% (0),0% (0),0% (0),100.0% (1),0% (0)
B CLCH <FR BW W B >RB<H <FR BW,1,0% (0),0% (0),0% (0),0% (0),100.0% (1),0% (0),0% (0),0% (0),0% (0)
B CB<TJKM,1,0% (0),0% (0),0% (0),100.0% (1),0% (0),0% (0),0% (0),0% (0),0% (0)
B CB<H B  XDC,1,100.0% (1),0% (0),0% (0),0% (0),0% (0),0% (0),0% (0),0% (0),0% (0)
B >XRJTW,1,100.0% (1),0% (0),0% (0),0% (0),0% (0),0% (0),0% (0),0% (0),0% (0)
B >XRJT MLKWTM,1,100.0% (1),0% (0),0% (0),0% (0),0% (0),0% (0),0% (0),0% (0),0% (0)
B >XRJT H Z<M,1,100.0% (1),0% (0),0% (0),0% (0),0% (0),0% (0),0% (0),0% (0),0% (0)
B >XRJT H CNJM,1,100.0% (1),0% (0),0% (0),0% (0),0% (0),0% (0),0% (0),0% (0),0% (0)
B >XD L  XDC H XMJCJ,1,0% (0),0% (0),0% (0),0% (0),100.0% (1),0% (0),0% (0),0% (0),0% (0)
B >XD L  XDC H R>CWN,1,0% (0),0% (0),0% (0),0% (0),0% (0),0% (0),0% (0),100.0% (1),0% (0)
B >XD L  XDC H CNJ B  CNH H CNJT,1,0% (0),0% (0),0% (0),0% (0),0% (0),0% (0),0% (0),100.0% (1),0% (0)
B >XD L  XDC H CNJ,1,0% (0),0% (0),0% (0),0% (0),100.0% (1),0% (0),0% (0),0% (0),0% (0)
B >XD L  XDC,1,0% (0),0% (0),0% (0),0% (0),0% (0),0% (0),0% (0),100.0% (1),0% (0)
B >WR H BQR,1,100.0% (1),0% (0),0% (0),0% (0),0% (0),0% (0),0% (0),0% (0),0% (0)
B >RB<H L  XDC H TC<J B KSLW,1,0% (0),0% (0),0% (0),0% (0),100.0% (1),0% (0),0% (0),0% (0),0% (0)
B >RB<H <FR L  XDC H CNJ,1,0% (0),0% (0),0% (0),0% (0),0% (0),0% (0),0% (0),100.0% (1),0% (0)
B >RB<H <FR JWM L  XDC B  <RB,1,0% (0),0% (0),0% (0),0% (0),0% (0),0% (0),0% (0),100.0% (1),0% (0)
B >RB<H <FR BW,1,0% (0),0% (0),100.0% (1),0% (0),0% (0),0% (0),0% (0),0% (0),0% (0)
B >RB< <FRH CNH L  MLK XZQJHW,1,0% (0),0% (0),0% (0),0% (0),0% (0),0% (0),0% (0),100.0% (1),0% (0)
B >RB< <FRH CNH L  MLK XZQJH,1,0% (0),0% (0),0% (0),0% (0),100.0% (1),0% (0),0% (0),0% (0),0% (0)
B >RB< <FRH CNH,1,0% (0),0% (0),0% (0),0% (0),100.0% (1),0% (0),0% (0),0% (0),0% (0)
B <WD LJLH,1,0% (0),0% (0),0% (0),0% (0),0% (0),0% (0),0% (0),100.0% (1),0% (0)
B <WD KBRT >RY,1,0% (0),0% (0),0% (0),0% (0),100.0% (1),0% (0),0% (0),0% (0),0% (0)
B <WD H JWM,1,0% (0),0% (0),0% (0),100.0% (1),0% (0),0% (0),0% (0),0% (0),0% (0)
B <WD CLCH XDCJM L  QYJR,1,0% (0),0% (0),0% (0),0% (0),100.0% (1),0% (0),0% (0),0% (0),0% (0)
B <WD CCJM W XMC CNH,1,100.0% (1),0% (0),0% (0),0% (0),0% (0),0% (0),0% (0),0% (0),0% (0)
B <TM,1,0% (0),0% (0),0% (0),0% (0),0% (0),0% (0),0% (0),0% (0),100.0% (1)
B <TH,1,100.0% (1),0% (0),0% (0),0% (0),0% (0),0% (0),0% (0),0% (0),0% (0)
B <T YRTM,1,100.0% (1),0% (0),0% (0),0% (0),0% (0),0% (0),0% (0),0% (0),0% (0)
B <T YRTKM,1,100.0% (1),0% (0),0% (0),0% (0),0% (0),0% (0),0% (0),0% (0),0% (0)
B <T YRH,1,0% (0),0% (0),0% (0),0% (0),0% (0),100.0% (1),0% (0),0% (0),0% (0)
B <T RYWN,1,0% (0),0% (0),0% (0),0% (0),100.0% (1),0% (0),0% (0),0% (0),0% (0)
B <T R<TK,1,100.0% (1),0% (0),0% (0),0% (0),0% (0),0% (0),0% (0),0% (0),0% (0)
B <T R<H W B <T YRH,1,0% (0),0% (0),0% (0),0% (0),100.0% (1),0% (0),0% (0),0% (0),0% (0)
B <T R<H,1,100.0% (1),0% (0),0% (0),0% (0),0% (0),0% (0),0% (0),0% (0),0% (0)
B <T QY,1,100.0% (1),0% (0),0% (0),0% (0),0% (0),0% (0),0% (0),0% (0),0% (0)
B <T MLQWC,1,0% (0),100.0% (1),0% (0),0% (0),0% (0),0% (0),0% (0),0% (0),0% (0)
B <T >PK,1,0% (0),100.0% (1),0% (0),0% (0),0% (0),0% (0),0% (0),0% (0),0% (0)
B <T >JDM B <T <WN QY,1,0% (0),0% (0),0% (0),0% (0),0% (0),0% (0),0% (0),100.0% (1),0% (0)
B <FRJM W >RB<H L  XDC,1,0% (0),0% (0),0% (0),0% (0),0% (0),0% (0),0% (0),100.0% (1),0% (0)
B <FRJM W >RB<H L  TCJ<J B CNT CTJM L DRJWC,1,0% (0),0% (0),0% (0),0% (0),100.0% (1),0% (0),0% (0),0% (0),0% (0)
B <D JWMM,1,0% (0),0% (0),0% (0),0% (0),100.0% (1),0% (0),0% (0),0% (0),0% (0)
B <CTJ <FRH CNH L YDQJHW B  XDC H RBJ<J B TC<H L  XDC,1,0% (0),0% (0),0% (0),0% (0),100.0% (1),0% (0),0% (0),0% (0),0% (0)
B  XRJC W B  QYJR,1,100.0% (1),0% (0),0% (0),0% (0),0% (0),0% (0),0% (0),0% (0),0% (0)
B  XMJCJ W B  CBJ<J,1,0% (0),0% (0),0% (0),0% (0),100.0% (1),0% (0),0% (0),0% (0),0% (0)
B  XGJM W B  XDCJM W B  CBTWT B KL MW<DJ BJT JFR>L,1,100.0% (1),0% (0),0% (0),0% (0),0% (0),0% (0),0% (0),0% (0),0% (0)
B  XGJM W B  MW<DJM,1,100.0% (1),0% (0),0% (0),0% (0),0% (0),0% (0),0% (0),0% (0),0% (0)
B  XG B  XDC H CBJ<J,1,100.0% (1),0% (0),0% (0),0% (0),0% (0),0% (0),0% (0),0% (0),0% (0)
B  XDC H ZH,1,0% (0),0% (0),0% (0),0% (0),0% (0),0% (0),0% (0),0% (0),100.0% (1)
B  XDC H XMJCJ B CB<H L  XDC,1,0% (0),0% (0),0% (0),0% (0),100.0% (1),0% (0),0% (0),0% (0),0% (0)
B  XDC H XMJCJ B  <FWR L  XDC,1,0% (0),0% (0),0% (0),0% (0),100.0% (1),0% (0),0% (0),0% (0),0% (0)
B  XDC H XMCJ,1,100.0% (1),0% (0),0% (0),0% (0),0% (0),0% (0),0% (0),0% (0),0% (0)
B  XDC H TCJ<J,1,0% (0),0% (0),0% (0),0% (0),0% (0),100.0% (1),0% (0),0% (0),0% (0)
B  XDC H R>CWN B XMCH <FR JWM L  XDC H R>CWN,1,0% (0),0% (0),0% (0),0% (0),0% (0),0% (0),0% (0),100.0% (1),0% (0)
B  XDC H CNJ B  CNJ B CNT >RB< L MLKWTW,1,0% (0),0% (0),0% (0),100.0% (1),0% (0),0% (0),0% (0),0% (0),0% (0)
B  XDC H CMJNJ B XMCH <FR JWM L  XDC,1,0% (0),0% (0),0% (0),0% (0),0% (0),0% (0),0% (0),100.0% (1),0% (0)
B  XDC H CMJNJ B CNT CTJM L DRJWC,1,0% (0),0% (0),0% (0),0% (0),100.0% (1),0% (0),0% (0),0% (0),0% (0)
B  XDC H CLJCJ L CNT XMC <FRH L MLKWT >S>,1,0% (0),0% (0),0% (0),0% (0),0% (0),0% (0),0% (0),100.0% (1),0% (0)
B  XDC H CLCJ,1,0% (0),0% (0),0% (0),0% (0),100.0% (1),0% (0),0% (0),0% (0),0% (0)
B  XDC H CBJ<J B >XD L  XDC,1,100.0% (1),0% (0),0% (0),0% (0),0% (0),0% (0),0% (0),0% (0),0% (0)
B  XDC H CBJ<J B  <FWR L  XDC,1,100.0% (1),0% (0),0% (0),0% (0),0% (0),0% (0),0% (0),0% (0),0% (0)
B  XDC H CB<J B  <FWR L  XDC,1,0% (0),0% (0),0% (0),0% (0),0% (0),0% (0),0% (0),0% (0),100.0% (1)
B  XDC H <FJRJ B  <FWR L  XDC,1,0% (0),0% (0),0% (0),0% (0),100.0% (1),0% (0),0% (0),0% (0),0% (0)
B  XDC,1,0% (0),100.0% (1),0% (0),0% (0),0% (0),0% (0),0% (0),0% (0),0% (0)
B  XCK,1,0% (0),0% (0),0% (0),100.0% (1),0% (0),0% (0),0% (0),0% (0),0% (0)
B  TBW>T,1,0% (0),0% (0),0% (0),0% (0),0% (0),0% (0),0% (0),0% (0),100.0% (1)
B  R>CWNH,1,0% (0),0% (0),0% (0),0% (0),100.0% (1),0% (0),0% (0),0% (0),0% (0)
B  R>CWN B >XD L  XDC,1,100.0% (1),0% (0),0% (0),0% (0),0% (0),0% (0),0% (0),0% (0),0% (0)
B  R>CWN B >RB<H <FR JWM L  XDC,1,100.0% (1),0% (0),0% (0),0% (0),0% (0),0% (0),0% (0),0% (0),0% (0)
B  QJY W B  XRP,1,100.0% (1),0% (0),0% (0),0% (0),0% (0),0% (0),0% (0),0% (0),0% (0)
B  P<M H CBJ<JT,1,0% (0),0% (0),0% (0),0% (0),0% (0),0% (0),0% (0),100.0% (1),0% (0)
B  MW<DJM,1,0% (0),0% (0),0% (0),100.0% (1),0% (0),0% (0),0% (0),0% (0),0% (0)
B  LJL,1,100.0% (1),0% (0),0% (0),0% (0),0% (0),0% (0),0% (0),0% (0),0% (0)
B  JWM H RB<J,1,0% (0),0% (0),0% (0),0% (0),100.0% (1),0% (0),0% (0),0% (0),0% (0)
B  JWM H HW> W M MXRT,1,0% (0),0% (0),0% (0),0% (0),0% (0),0% (0),0% (0),100.0% (1),0% (0)
B  JWM H HW> B JWM,1,0% (0),0% (0),0% (0),0% (0),0% (0),0% (0),0% (0),0% (0),100.0% (1)
B  JWM H CMJNJ W HL>H,1,0% (0),0% (0),0% (0),0% (0),0% (0),0% (0),0% (0),0% (0),100.0% (1)
B  JWM H CLJCJ JWM,1,0% (0),0% (0),0% (0),0% (0),0% (0),0% (0),0% (0),100.0% (1),0% (0)
B  JWM H CB<J,1,0% (0),0% (0),0% (0),0% (0),0% (0),0% (0),0% (0),100.0% (1),0% (0)
B  JWM H >XR,1,0% (0),0% (0),0% (0),0% (0),0% (0),0% (0),0% (0),100.0% (1),0% (0)
B  JMJM H RBJM H HM,1,0% (0),0% (0),0% (0),0% (0),0% (0),0% (0),0% (0),100.0% (1),0% (0)
B  JMJM H HMH W B  <T H HJ>,1,100.0% (1),0% (0),0% (0),0% (0),0% (0),0% (0),0% (0),0% (0),0% (0)
B  CXR,1,0% (0),0% (0),0% (0),0% (0),100.0% (1),0% (0),0% (0),0% (0),0% (0)
B  CNT H RB<JT B  XDC H XMJCJ,1,0% (0),0% (0),0% (0),0% (0),100.0% (1),0% (0),0% (0),0% (0),0% (0)
B  CNT H <FRJT L YDQJHW MLK JHWDH,1,0% (0),0% (0),0% (0),0% (0),100.0% (1),0% (0),0% (0),0% (0),0% (0)
B  CNJM <D CNT H JBL,1,0% (0),0% (0),0% (0),0% (0),100.0% (1),0% (0),0% (0),0% (0),0% (0)
B  CNH H XMJCT,1,100.0% (1),0% (0),0% (0),0% (0),0% (0),0% (0),0% (0),0% (0),0% (0)
B  CNH H TC<JT L YDQJHW MLK JHWDH B  XDC H <FRJ,1,0% (0),0% (0),0% (0),0% (0),100.0% (1),0% (0),0% (0),0% (0),0% (0)
B  CNH H TC<JT B  XDC H <FJRJ B  <FWR L  XDC,1,0% (0),0% (0),0% (0),0% (0),0% (0),0% (0),0% (0),100.0% (1),0% (0)
B  CNH H RBJ<T L JHWJQJM BN J>CJHW MLK JHWDH,1,0% (0),0% (0),0% (0),0% (0),0% (0),0% (0),0% (0),100.0% (1),0% (0)
B  CNH H RBJ<T,1,100.0% (1),0% (0),0% (0),0% (0),0% (0),0% (0),0% (0),0% (0),0% (0)
B  CNH H RBJ<JT L  MLK XZQJHW,1,0% (0),0% (0),0% (0),0% (0),0% (0),0% (0),0% (0),100.0% (1),0% (0)
B  CNH H R>CWNH B  XDC H R>CWN,1,0% (0),0% (0),0% (0),0% (0),100.0% (1),0% (0),0% (0),0% (0),0% (0)
B  CNH H HJ> B R>CJT MMLKT YDQJH MLK JHWDH,1,0% (0),0% (0),0% (0),0% (0),0% (0),0% (0),0% (0),100.0% (1),0% (0)
B  CNH H HJ> B  XDC H CBJ<J,1,0% (0),0% (0),0% (0),0% (0),0% (0),0% (0),0% (0),100.0% (1),0% (0)
B  CNH H CNJT B  XDC H CNJ B <FRJM B  XDC,1,0% (0),0% (0),0% (0),0% (0),0% (0),0% (0),0% (0),100.0% (1),0% (0)
B  CNH H CNJT,1,0% (0),0% (0),0% (0),0% (0),0% (0),0% (0),0% (0),100.0% (1),0% (0)
B  CNH H CLJCT CNT H M<FR,1,0% (0),0% (0),0% (0),100.0% (1),0% (0),0% (0),0% (0),0% (0),0% (0)
B  CNH H CCJT,1,0% (0),0% (0),0% (0),0% (0),0% (0),0% (0),0% (0),0% (0),100.0% (1)
B  CNH H CBJ<JT,1,0% (0),0% (0),0% (0),0% (0),100.0% (1),0% (0),0% (0),0% (0),0% (0)
B  CNH H CB<JT,1,0% (0),0% (0),0% (0),0% (0),100.0% (1),0% (0),0% (0),0% (0),0% (0)
B  CNH H >XT <FRH B JRX BWL,1,0% (0),0% (0),0% (0),0% (0),100.0% (1),0% (0),0% (0),0% (0),0% (0)
B  CMJM W B  >RY,1,0% (0),0% (0),0% (0),100.0% (1),0% (0),0% (0),0% (0),0% (0),0% (0)
B  CBTWT W B  XDCJM,1,0% (0),0% (0),0% (0),0% (0),0% (0),0% (0),0% (0),0% (0),100.0% (1)
B  CBT W B JWM QDC,1,100.0% (1),0% (0),0% (0),0% (0),0% (0),0% (0),0% (0),0% (0),0% (0)
B  CBJ<J B <FRJM W >XD L  XDC,1,0% (0),0% (0),0% (0),0% (0),100.0% (1),0% (0),0% (0),0% (0),0% (0)
B  CB<T,1,100.0% (1),0% (0),0% (0),0% (0),0% (0),0% (0),0% (0),0% (0),0% (0)
B  CB<JT,1,0% (0),0% (0),0% (0),0% (0),0% (0),0% (0),0% (0),100.0% (1),0% (0)
B  BQR B  JWM H XMJCJ,1,0% (0),0% (0),0% (0),0% (0),0% (0),0% (0),0% (0),100.0% (1),0% (0)
B  BQR B  BQR W B  <RB B  <RB,1,0% (0),0% (0),0% (0),0% (0),0% (0),100.0% (1),0% (0),0% (0),0% (0)
B  >XRWNH,1,100.0% (1),0% (0),0% (0),0% (0),0% (0),0% (0),0% (0),0% (0),0% (0)
B  >XRNH,1,100.0% (1),0% (0),0% (0),0% (0),0% (0),0% (0),0% (0),0% (0),0% (0)
B  <TJM H HM,1,100.0% (1),0% (0),0% (0),0% (0),0% (0),0% (0),0% (0),0% (0),0% (0)
B  <TJM,1,100.0% (1),0% (0),0% (0),0% (0),0% (0),0% (0),0% (0),0% (0),0% (0)
B  <T H Z>T,1,100.0% (1),0% (0),0% (0),0% (0),0% (0),0% (0),0% (0),0% (0),0% (0)
B  <T,1,100.0% (1),0% (0),0% (0),0% (0),0% (0),0% (0),0% (0),0% (0),0% (0)
B  <RB B  JWM H R>CWN,1,100.0% (1),0% (0),0% (0),0% (0),0% (0),0% (0),0% (0),0% (0),0% (0)
B  <RB B  <RB,1,0% (0),0% (0),0% (0),100.0% (1),0% (0),0% (0),0% (0),0% (0),0% (0)
B  <FWR L  XDC H R>CWN,1,0% (0),0% (0),0% (0),0% (0),100.0% (1),0% (0),0% (0),0% (0),0% (0)
B  <FWR L  XDC H CBJ<J H ZH,1,100.0% (1),0% (0),0% (0),0% (0),0% (0),0% (0),0% (0),0% (0),0% (0)
>XT L CLWC CNJM,1,100.0% (1),0% (0),0% (0),0% (0),0% (0),0% (0),0% (0),0% (0),0% (0)
>XT L CLC CNJM,1,100.0% (1),0% (0),0% (0),0% (0),0% (0),0% (0),0% (0),0% (0),0% (0)
>XRWN,1,100.0% (1),0% (0),0% (0),0% (0),0% (0),0% (0),0% (0),0% (0),0% (0)
>XRJH,1,0% (0),0% (0),0% (0),0% (0),100.0% (1),0% (0),0% (0),0% (0),0% (0)
>XRJ Z>T,1,100.0% (1),0% (0),0% (0),0% (0),0% (0),0% (0),0% (0),0% (0),0% (0)
>XRJ MWTJ,1,0% (0),0% (0),0% (0),0% (0),100.0% (1),0% (0),0% (0),0% (0),0% (0)
>XRJ MWT MCH <BD JHWH,1,0% (0),0% (0),0% (0),0% (0),0% (0),0% (0),0% (0),100.0% (1),0% (0)
>XRJ MWT JHWJD<,1,0% (0),0% (0),0% (0),0% (0),100.0% (1),0% (0),0% (0),0% (0),0% (0)
>XRJ MWT JHWC<,1,0% (0),0% (0),0% (0),0% (0),0% (0),0% (0),0% (0),100.0% (1),0% (0)
>XRJ MWT H KHN H GDL,1,100.0% (1),0% (0),0% (0),0% (0),0% (0),0% (0),0% (0),0% (0),0% (0)
>XRJ MWT CNJ BNJ >HRN,1,0% (0),0% (0),0% (0),0% (0),0% (0),0% (0),0% (0),100.0% (1),0% (0)
>XRJ MWT C>WL,1,0% (0),0% (0),0% (0),0% (0),0% (0),0% (0),0% (0),100.0% (1),0% (0)
>XRJ MWT >X>B,1,0% (0),0% (0),0% (0),0% (0),0% (0),0% (0),0% (0),100.0% (1),0% (0)
>XRJ MWT >JCK,1,0% (0),0% (0),0% (0),0% (0),100.0% (1),0% (0),0% (0),0% (0),0% (0)
>XRJ MWT >BJW,1,0% (0),0% (0),0% (0),0% (0),100.0% (1),0% (0),0% (0),0% (0),0% (0)
>XRJ MTJ,1,100.0% (1),0% (0),0% (0),0% (0),0% (0),0% (0),0% (0),0% (0),0% (0)
>XRJ KL R<TK,1,0% (0),0% (0),0% (0),0% (0),0% (0),0% (0),0% (0),100.0% (1),0% (0)
>XRJ JHWC<,1,0% (0),0% (0),0% (0),0% (0),100.0% (1),0% (0),0% (0),0% (0),0% (0)
>XRJ H MGPH,1,0% (0),0% (0),0% (0),0% (0),0% (0),0% (0),0% (0),100.0% (1),0% (0)
>XRJ H JMJM H HM,1,100.0% (1),0% (0),0% (0),0% (0),0% (0),0% (0),0% (0),0% (0),0% (0)
>XRJ H DBRJM W H >MT H >LH,1,0% (0),0% (0),0% (0),0% (0),100.0% (1),0% (0),0% (0),0% (0),0% (0)
>XRJ H CB<JM CCJM W CNJM,1,100.0% (1),0% (0),0% (0),0% (0),0% (0),0% (0),0% (0),0% (0),0% (0)
>XRJ DBRJ,1,100.0% (1),0% (0),0% (0),0% (0),0% (0),0% (0),0% (0),0% (0),0% (0)
>XRJ >BJMLK,1,0% (0),0% (0),0% (0),0% (0),0% (0),0% (0),0% (0),100.0% (1),0% (0)
>XR ZH,1,0% (0),0% (0),0% (0),0% (0),100.0% (1),0% (0),0% (0),0% (0),0% (0)
>XR H JBL,1,100.0% (1),0% (0),0% (0),0% (0),0% (0),0% (0),0% (0),0% (0),0% (0)
>XR H DBR H ZH,1,0% (0),0% (0),0% (0),0% (0),100.0% (1),0% (0),0% (0),0% (0),0% (0)
>XR DBRJ,1,100.0% (1),0% (0),0% (0),0% (0),0% (0),0% (0),0% (0),0% (0),0% (0)
>XR CLWXJH,1,0% (0),0% (0),0% (0),0% (0),0% (0),0% (0),0% (0),100.0% (1),0% (0)
>TMWL CLCM,1,0% (0),0% (0),0% (0),0% (0),100.0% (1),0% (0),0% (0),0% (0),0% (0)
>TMWL,1,100.0% (1),0% (0),0% (0),0% (0),0% (0),0% (0),0% (0),0% (0),0% (0)
>T CB<T H JMJM,1,100.0% (1),0% (0),0% (0),0% (0),0% (0),0% (0),0% (0),0% (0),0% (0)
>T >RB<JM H JWM W >T >RB<JM H LJLH,1,0% (0),0% (0),0% (0),0% (0),0% (0),0% (0),0% (0),100.0% (1),0% (0)
>RB<T JMJM B  CNH,1,0% (0),0% (0),0% (0),100.0% (1),0% (0),0% (0),0% (0),0% (0),0% (0)
>RB<JM W XMC CNH,1,0% (0),0% (0),0% (0),0% (0),100.0% (1),0% (0),0% (0),0% (0),0% (0)
>RB<JM W >XT CNH,1,0% (0),0% (0),0% (0),0% (0),100.0% (1),0% (0),0% (0),0% (0),0% (0)
>RB<JM CNH W CMNH M>WT CNH,1,0% (0),0% (0),0% (0),0% (0),0% (0),0% (0),0% (0),100.0% (1),0% (0)
>RB<H XDCJM,1,0% (0),0% (0),0% (0),0% (0),0% (0),0% (0),0% (0),100.0% (1),0% (0)
>RB< W CLCJM CNH,1,0% (0),0% (0),0% (0),0% (0),0% (0),0% (0),0% (0),100.0% (1),0% (0)
>RB< M>WT CNH,1,0% (0),0% (0),0% (0),0% (0),0% (0),0% (0),0% (0),0% (0),100.0% (1)
>RB< <FRH CNH,1,0% (0),0% (0),0% (0),0% (0),100.0% (1),0% (0),0% (0),0% (0),0% (0)
>P LJLWT,1,0% (0),0% (0),0% (0),0% (0),100.0% (1),0% (0),0% (0),0% (0),0% (0)
>LP CNJM,1,0% (0),0% (0),0% (0),0% (0),100.0% (1),0% (0),0% (0),0% (0),0% (0)
>L QYJR,1,0% (0),0% (0),0% (0),0% (0),0% (0),0% (0),0% (0),100.0% (1),0% (0)
>K B JMJK,1,100.0% (1),0% (0),0% (0),0% (0),0% (0),0% (0),0% (0),0% (0),0% (0)
>K B  JWM H R>CWN,1,100.0% (1),0% (0),0% (0),0% (0),0% (0),0% (0),0% (0),0% (0),0% (0)
>K <TH,1,0% (0),0% (0),0% (0),0% (0),100.0% (1),0% (0),0% (0),0% (0),0% (0)
>K,1,100.0% (1),0% (0),0% (0),0% (0),0% (0),0% (0),0% (0),0% (0),0% (0)
<T,1,100.0% (1),0% (0),0% (0),0% (0),0% (0),0% (0),0% (0),0% (0),0% (0)
<RB W BQR W YHRJM,1,100.0% (1),0% (0),0% (0),0% (0),0% (0),0% (0),0% (0),0% (0),0% (0)
<L JWM VWB,1,0% (0),0% (0),0% (0),0% (0),100.0% (1),0% (0),0% (0),0% (0),0% (0)
<FRJM W CLC CNH,1,0% (0),0% (0),0% (0),0% (0),0% (0),0% (0),0% (0),100.0% (1),0% (0)
<FRJM W >XD JWM,1,0% (0),0% (0),0% (0),0% (0),0% (0),100.0% (1),0% (0),0% (0),0% (0)
<FR CNJM,1,0% (0),0% (0),0% (0),0% (0),0% (0),0% (0),0% (0),100.0% (1),0% (0)
<DJ <RB,1,100.0% (1),0% (0),0% (0),0% (0),0% (0),0% (0),0% (0),0% (0),0% (0)
<D XYJ H LJLH,1,0% (0),0% (0),0% (0),0% (0),0% (0),0% (0),0% (0),100.0% (1),0% (0)
<D NYX,1,100.0% (1),0% (0),0% (0),0% (0),0% (0),0% (0),0% (0),0% (0),0% (0)
<D NKWN H JWM,1,0% (0),0% (0),0% (0),0% (0),0% (0),100.0% (1),0% (0),0% (0),0% (0)
<D MWT H KHN,1,0% (0),0% (0),0% (0),100.0% (1),0% (0),0% (0),0% (0),0% (0),0% (0)
<D MWT CLMH,1,0% (0),0% (0),0% (0),0% (0),0% (0),0% (0),0% (0),100.0% (1),0% (0)
<D MH,1,100.0% (1),0% (0),0% (0),0% (0),0% (0),0% (0),0% (0),0% (0),0% (0)
<D M MXRT H CBT H CBJ<T,1,100.0% (1),0% (0),0% (0),0% (0),0% (0),0% (0),0% (0),0% (0),0% (0)
<D LJLH,1,0% (0),0% (0),0% (0),100.0% (1),0% (0),0% (0),0% (0),0% (0),0% (0)
<D L MNXT H <RB,1,0% (0),0% (0),0% (0),0% (0),0% (0),100.0% (1),0% (0),0% (0),0% (0)
<D KN,1,0% (0),0% (0),0% (0),0% (0),100.0% (1),0% (0),0% (0),0% (0),0% (0)
<D JWM MWTW KL JMJ XJJW,1,0% (0),0% (0),0% (0),0% (0),100.0% (1),0% (0),0% (0),0% (0),0% (0)
<D JWM MWTH,1,0% (0),0% (0),0% (0),0% (0),100.0% (1),0% (0),0% (0),0% (0),0% (0)
<D JWM MTW,1,0% (0),0% (0),0% (0),0% (0),0% (0),0% (0),0% (0),100.0% (1),0% (0)
<D JWM H CLJCJ,1,0% (0),0% (0),0% (0),0% (0),0% (0),100.0% (1),0% (0),0% (0),0% (0)
<D JWM >XD L  XDC H R>CWN,1,0% (0),0% (0),0% (0),0% (0),0% (0),0% (0),0% (0),100.0% (1),0% (0)
<D H YHRJM,1,0% (0),0% (0),0% (0),0% (0),0% (0),0% (0),0% (0),100.0% (1),0% (0)
<D H XDC H <FJRJ,1,0% (0),0% (0),0% (0),0% (0),100.0% (1),0% (0),0% (0),0% (0),0% (0)
<D H JWM MWSD BJT JHWH,1,0% (0),0% (0),0% (0),0% (0),0% (0),0% (0),0% (0),100.0% (1),0% (0)
<D H JWM H HW>,1,0% (0),0% (0),0% (0),0% (0),100.0% (1),0% (0),0% (0),0% (0),0% (0)
<D H JMJM H HMH,1,0% (0),0% (0),0% (0),0% (0),100.0% (1),0% (0),0% (0),0% (0),0% (0)
<D H JMJM H HM,1,0% (0),0% (0),0% (0),0% (0),100.0% (1),0% (0),0% (0),0% (0),0% (0)
<D H CNH H TCJ<T,1,0% (0),0% (0),0% (0),0% (0),0% (0),0% (0),0% (0),0% (0),100.0% (1)
<D H >WR,1,0% (0),0% (0),0% (0),0% (0),0% (0),0% (0),0% (0),100.0% (1),0% (0)
<D H <WLM,1,0% (0),0% (0),0% (0),0% (0),100.0% (1),0% (0),0% (0),0% (0),0% (0)
<D H <T H HJ>,1,0% (0),0% (0),0% (0),0% (0),100.0% (1),0% (0),0% (0),0% (0),0% (0)
<D H <RB H CLCJT,1,0% (0),0% (0),0% (0),0% (0),0% (0),0% (0),0% (0),0% (0),100.0% (1)
<D FJBH,1,100.0% (1),0% (0),0% (0),0% (0),0% (0),0% (0),0% (0),0% (0),0% (0)
<D CNT H JWBL,1,0% (0),0% (0),0% (0),0% (0),0% (0),0% (0),0% (0),0% (0),100.0% (1)
<D CNT H DRWR,1,0% (0),0% (0),0% (0),0% (0),0% (0),0% (0),0% (0),0% (0),100.0% (1)
<D CNJ DWR W DWR,1,100.0% (1),0% (0),0% (0),0% (0),0% (0),0% (0),0% (0),0% (0),0% (0)
<D BLTJ CMJM,1,100.0% (1),0% (0),0% (0),0% (0),0% (0),0% (0),0% (0),0% (0),0% (0)
<D >XR H CBT,1,100.0% (1),0% (0),0% (0),0% (0),0% (0),0% (0),0% (0),0% (0),0% (0)
<D >WR H BQR,1,0% (0),0% (0),0% (0),0% (0),100.0% (1),0% (0),0% (0),0% (0),0% (0)
<D >N,1,100.0% (1),0% (0),0% (0),0% (0),0% (0),0% (0),0% (0),0% (0),0% (0)
<D >LH,1,100.0% (1),0% (0),0% (0),0% (0),0% (0),0% (0),0% (0),0% (0),0% (0)
<D <WLMJ <D,1,100.0% (1),0% (0),0% (0),0% (0),0% (0),0% (0),0% (0),0% (0),0% (0)
<D <T H <RB,1,0% (0),0% (0),0% (0),0% (0),100.0% (1),0% (0),0% (0),0% (0),0% (0)
<D <T,1,100.0% (1),0% (0),0% (0),0% (0),0% (0),0% (0),0% (0),0% (0),0% (0)
